CVE-2010-0039,H
CVE-2010-0101,A
CVE-2010-0104,P
CVE-2010-0115,E
CVE-2010-0143,E
CVE-2010-0144,E
CVE-2010-0145,E
CVE-2010-0149,E
CVE-2010-0150,E
CVE-2010-0151,E
CVE-2010-0214,E
CVE-2010-0221,H
CVE-2010-0222,H
CVE-2010-0223,H
CVE-2010-0224,H
CVE-2010-0225,H
CVE-2010-0226,H
CVE-2010-0227,H
CVE-2010-0228,H
CVE-2010-0229,H
CVE-2010-0418,H
CVE-2010-0440,E
CVE-2010-0469,E
CVE-2010-0470,H
CVE-2010-0475,E
CVE-2010-0548,A
CVE-2010-0560,C
CVE-2010-0565,E
CVE-2010-0566,E
CVE-2010-0567,E
CVE-2010-0568,E
CVE-2010-0569,E
CVE-2010-0573,E
CVE-2010-0578,E
CVE-2010-0593,E
CVE-2010-0595,E
CVE-2010-0596,E
CVE-2010-0597,E
CVE-2010-0598,E
CVE-2010-0599,E
CVE-2010-0600,E
CVE-2010-0601,E
CVE-2010-0602,E
CVE-2010-0603,E
CVE-2010-0604,E
CVE-2010-0607,H
CVE-2010-0618,A
CVE-2010-0619,A
CVE-2010-0834,P
CVE-2010-0928,C
CVE-2010-0936,H
CVE-2010-0962,H
CVE-2010-1181,M
CVE-2010-1184,H
CVE-2010-1226,M
CVE-2010-1407,M
CVE-2010-1460,E
CVE-2010-1507,E
CVE-2010-1544,H
CVE-2010-1561,E
CVE-2010-1562,E
CVE-2010-1563,E
CVE-2010-1565,E
CVE-2010-1567,E
CVE-2010-1573,H
CVE-2010-1574,E
CVE-2010-1575,E
CVE-2010-1576,E
CVE-2010-1578,E
CVE-2010-1579,E
CVE-2010-1580,E
CVE-2010-1581,E
CVE-2010-1612,E
CVE-2010-1730,M
CVE-2010-1731,M
CVE-2010-1751,M
CVE-2010-1752,M
CVE-2010-1753,M
CVE-2010-1754,M
CVE-2010-1755,M
CVE-2010-1756,M
CVE-2010-1757,M
CVE-2010-1775,M
CVE-2010-1804,H
CVE-2010-1810,M
CVE-2010-2025,H
CVE-2010-2026,H
CVE-2010-2082,H
CVE-2010-2116,E
CVE-2010-2261,H
CVE-2010-2290,E
CVE-2010-2292,H
CVE-2010-2293,H
CVE-2010-2306,E
CVE-2010-2307,M
CVE-2010-2363,S
CVE-2010-2453,E
CVE-2010-2465,E
CVE-2010-2466,E
CVE-2010-2467,E
CVE-2010-2468,E
CVE-2010-2469,S
CVE-2010-2506,H
CVE-2010-2629,E
CVE-2010-2633,E
CVE-2010-2654,E
CVE-2010-2655,E
CVE-2010-2656,E
CVE-2010-2668,E
CVE-2010-2705,E
CVE-2010-2706,E
CVE-2010-2707,E
CVE-2010-2708,E
CVE-2010-2711,M
CVE-2010-2814,E
CVE-2010-2815,E
CVE-2010-2816,E
CVE-2010-2817,E
CVE-2010-2818,E
CVE-2010-2819,E
CVE-2010-2820,E
CVE-2010-2821,E
CVE-2010-2822,E
CVE-2010-2823,E
CVE-2010-2824,E
CVE-2010-2825,E
CVE-2010-2860,E
CVE-2010-2892,E
CVE-2010-2965,S
CVE-2010-2973,M
CVE-2010-2979,E
CVE-2010-2980,E
CVE-2010-2984,E
CVE-2010-3006,E
CVE-2010-3010,E
CVE-2010-3037,E
CVE-2010-3038,E
CVE-2010-3287,E
CVE-2010-3684,E
CVE-2010-3832,M
CVE-2010-3920,A
CVE-2010-3934,M
CVE-2010-4099,E
CVE-2010-4107,A
CVE-2010-4115,E
CVE-2010-4230,S
CVE-2010-4231,S
CVE-2010-4232,S
CVE-2010-4233,S
CVE-2010-4234,S
CVE-2010-4302,E
CVE-2010-4303,E
CVE-2010-4304,E
CVE-2010-4305,E
CVE-2010-4354,E
CVE-2010-4507,M
CVE-2010-4549,M
CVE-2010-4670,E
CVE-2010-4672,E
CVE-2010-4673,E
CVE-2010-4674,E
CVE-2010-4675,E
CVE-2010-4676,E
CVE-2010-4677,E
CVE-2010-4678,E
CVE-2010-4679,E
CVE-2010-4680,E
CVE-2010-4681,E
CVE-2010-4682,E
CVE-2010-4688,E
CVE-2010-4689,E
CVE-2010-4690,E
CVE-2010-4691,E
CVE-2010-4692,E
CVE-2010-4730,S
CVE-2010-4731,S
CVE-2010-4732,S
CVE-2010-4733,S
CVE-2010-4964,H
CVE-2010-4965,H
CVE-2010-5189,E
CVE-2010-5190,E
CVE-2010-5191,E
CVE-2010-5192,E
CVE-2010-5310,S
CVE-2011-0348,E
CVE-2011-0349,E
CVE-2011-0350,E
CVE-2011-0352,H
CVE-2011-0354,E
CVE-2011-0372,E
CVE-2011-0373,E
CVE-2011-0374,E
CVE-2011-0375,E
CVE-2011-0376,E
CVE-2011-0377,E
CVE-2011-0378,E
CVE-2011-0379,E
CVE-2011-0382,E
CVE-2011-0383,E
CVE-2011-0384,E
CVE-2011-0385,E
CVE-2011-0386,E
CVE-2011-0387,E
CVE-2011-0388,E
CVE-2011-0389,E
CVE-2011-0390,E
CVE-2011-0391,E
CVE-2011-0392,E
CVE-2011-0393,E
CVE-2011-0394,E
CVE-2011-0395,E
CVE-2011-0396,E
CVE-2011-0423,E
CVE-2011-0454,S
CVE-2011-0724,H
CVE-2011-0746,H
CVE-2011-0756,E
CVE-2011-0770,E
CVE-2011-0885,E
CVE-2011-0886,E
CVE-2011-0887,E
CVE-2011-0902,E
CVE-2011-0963,E
CVE-2011-1290,M
CVE-2011-1324,H
CVE-2011-1326,H
CVE-2011-1339,E
CVE-2011-1372,E
CVE-2011-1416,M
CVE-2011-1472,M
CVE-2011-1531,A
CVE-2011-1532,A
CVE-2011-1533,A
CVE-2011-1602,E
CVE-2011-1603,E
CVE-2011-1623,E
CVE-2011-1637,E
CVE-2011-1645,E
CVE-2011-1646,E
CVE-2011-1647,E
CVE-2011-1649,E
CVE-2011-1672,E
CVE-2011-1673,H
CVE-2011-1674,H
CVE-2011-1906,E
CVE-2011-2060,E
CVE-2011-2064,E
CVE-2011-2263,E
CVE-2011-2288,E
CVE-2011-2299,E
CVE-2011-2307,E
CVE-2011-2405,E
CVE-2011-2411,E
CVE-2011-2543,E
CVE-2011-2544,E
CVE-2011-2545,E
CVE-2011-2546,E
CVE-2011-2547,E
CVE-2011-2549,E
CVE-2011-2577,E
CVE-2011-2581,E
CVE-2011-2740,E
CVE-2011-2760,E
CVE-2011-2762,E
CVE-2011-2763,E
CVE-2011-2779,E
CVE-2011-3140,E
CVE-2011-3270,E
CVE-2011-3285,E
CVE-2011-3290,E
CVE-2011-3293,E
CVE-2011-3294,E
CVE-2011-3296,E
CVE-2011-3297,E
CVE-2011-3298,E
CVE-2011-3299,E
CVE-2011-3300,E
CVE-2011-3301,E
CVE-2011-3302,E
CVE-2011-3303,E
CVE-2011-3304,E
CVE-2011-3305,E
CVE-2011-3309,E
CVE-2011-3315,E
CVE-2011-3317,E
CVE-2011-3318,E
CVE-2011-3386,S
CVE-2011-3420,P
CVE-2011-3421,P
CVE-2011-3440,M
CVE-2011-3522,E
CVE-2011-3975,M
CVE-2011-3992,H
CVE-2011-3997,E
CVE-2011-4005,E
CVE-2011-4006,E
CVE-2011-4023,E
CVE-2011-4046,E
CVE-2011-4047,E
CVE-2011-4048,E
CVE-2011-4141,C
CVE-2011-4157,E
CVE-2011-4161,E
CVE-2011-4436,E
CVE-2011-4497,H
CVE-2011-4499,H
CVE-2011-4500,H
CVE-2011-4501,H
CVE-2011-4502,H
CVE-2011-4503,H
CVE-2011-4504,H
CVE-2011-4505,H
CVE-2011-4506,H
CVE-2011-4507,H
CVE-2011-4548,P
CVE-2011-4659,E
CVE-2011-4716,H
CVE-2011-4719,P
CVE-2011-4723,H
CVE-2011-4785,A
CVE-2011-4788,E
CVE-2011-4821,H
CVE-2011-4872,M
CVE-2011-5010,S
CVE-2011-5033,E
CVE-2011-5050,E
CVE-2011-5114,E
CVE-2011-5124,E
CVE-2011-5174,C
CVE-2011-5227,E
CVE-2011-5261,S
CVE-2011-5262,E
CVE-2012-0133,E
CVE-2012-0284,E
CVE-2012-0314,M
CVE-2012-0330,E
CVE-2012-0331,E
CVE-2012-0333,E
CVE-2012-0335,E
CVE-2012-0340,E
CVE-2012-0352,E
CVE-2012-0353,E
CVE-2012-0354,E
CVE-2012-0355,E
CVE-2012-0356,E
CVE-2012-0358,E
CVE-2012-0359,E
CVE-2012-0363,E
CVE-2012-0364,E
CVE-2012-0365,E
CVE-2012-0368,E
CVE-2012-0369,E
CVE-2012-0370,E
CVE-2012-0371,E
CVE-2012-0378,E
CVE-2012-0548,P
CVE-2012-0695,P
CVE-2012-0706,E
CVE-2012-0870,M
CVE-2012-0902,H
CVE-2012-0929,S
CVE-2012-0930,S
CVE-2012-0931,S
CVE-2012-1239,A
CVE-2012-1250,H
CVE-2012-1288,S
CVE-2012-1308,H
CVE-2012-1313,E
CVE-2012-1328,E
CVE-2012-1338,E
CVE-2012-1340,E
CVE-2012-1342,E
CVE-2012-1350,E
CVE-2012-1357,E
CVE-2012-1366,E
CVE-2012-1417,E
CVE-2012-1418,P
CVE-2012-1493,E
CVE-2012-1693,P
CVE-2012-1777,E
CVE-2012-1799,S
CVE-2012-1800,S
CVE-2012-1802,S
CVE-2012-1838,E
CVE-2012-1841,E
CVE-2012-1842,E
CVE-2012-1843,E
CVE-2012-1844,E
CVE-2012-1921,H
CVE-2012-1922,H
CVE-2012-2017,H
CVE-2012-2053,E
CVE-2012-2163,E
CVE-2012-2167,E
CVE-2012-2171,E
CVE-2012-2172,E
CVE-2012-2187,E
CVE-2012-2210,H
CVE-2012-2217,M
CVE-2012-2283,E
CVE-2012-2285,E
CVE-2012-2439,H
CVE-2012-2469,E
CVE-2012-2472,E
CVE-2012-2474,E
CVE-2012-2486,E
CVE-2012-2488,E
CVE-2012-2568,E
CVE-2012-2571,E
CVE-2012-2604,E
CVE-2012-2605,E
CVE-2012-2606,E
CVE-2012-2607,S
CVE-2012-2619,C
CVE-2012-2632,S
CVE-2012-2648,M
CVE-2012-2864,P
CVE-2012-2898,M
CVE-2012-2899,M
CVE-2012-2949,M
CVE-2012-2955,E
CVE-2012-2960,E
CVE-2012-2963,E
CVE-2012-2964,E
CVE-2012-2970,S
CVE-2012-2974,E
CVE-2012-2975,E
CVE-2012-2980,M
CVE-2012-2986,E
CVE-2012-2994,E
CVE-2012-3002,S
CVE-2012-3012,S
CVE-2012-3013,S
CVE-2012-3016,S
CVE-2012-3017,S
CVE-2012-3020,S
CVE-2012-3037,S
CVE-2012-3039,S
CVE-2012-3040,S
CVE-2012-3047,E
CVE-2012-3051,E
CVE-2012-3058,E
CVE-2012-3073,E
CVE-2012-3074,E
CVE-2012-3075,E
CVE-2012-3128,E
CVE-2012-3206,E
CVE-2012-3238,E
CVE-2012-3247,E
CVE-2012-3250,E
CVE-2012-3266,E
CVE-2012-3268,E
CVE-2012-3272,A
CVE-2012-3273,A
CVE-2012-3280,E
CVE-2012-3286,E
CVE-2012-3290,P
CVE-2012-3372,E
CVE-2012-3816,E
CVE-2012-3899,E
CVE-2012-3901,E
CVE-2012-3908,E
CVE-2012-3913,E
CVE-2012-3918,E
CVE-2012-4026,S
CVE-2012-4031,E
CVE-2012-4043,E
CVE-2012-4046,H
CVE-2012-4050,P
CVE-2012-4072,E
CVE-2012-4073,E
CVE-2012-4074,E
CVE-2012-4079,E
CVE-2012-4082,E
CVE-2012-4083,E
CVE-2012-4084,E
CVE-2012-4085,E
CVE-2012-4086,E
CVE-2012-4087,E
CVE-2012-4088,E
CVE-2012-4089,E
CVE-2012-4090,E
CVE-2012-4092,E
CVE-2012-4093,E
CVE-2012-4094,E
CVE-2012-4095,E
CVE-2012-4096,E
CVE-2012-4102,E
CVE-2012-4103,E
CVE-2012-4104,E
CVE-2012-4105,E
CVE-2012-4106,E
CVE-2012-4107,E
CVE-2012-4108,E
CVE-2012-4109,E
CVE-2012-4110,E
CVE-2012-4111,E
CVE-2012-4112,E
CVE-2012-4113,E
CVE-2012-4114,E
CVE-2012-4115,E
CVE-2012-4116,E
CVE-2012-4117,E
CVE-2012-4136,E
CVE-2012-4248,H
CVE-2012-4249,H
CVE-2012-4329,M
CVE-2012-4330,M
CVE-2012-4361,E
CVE-2012-4362,E
CVE-2012-4366,H
CVE-2012-4577,S
CVE-2012-4612,E
CVE-2012-4613,E
CVE-2012-4620,E
CVE-2012-4622,E
CVE-2012-4629,E
CVE-2012-4643,E
CVE-2012-4659,E
CVE-2012-4660,E
CVE-2012-4661,E
CVE-2012-4662,E
CVE-2012-4663,E
CVE-2012-4680,S
CVE-2012-4687,S
CVE-2012-4690,S
CVE-2012-4694,S
CVE-2012-4695,S
CVE-2012-4697,S
CVE-2012-4712,S
CVE-2012-4715,S
CVE-2012-4716,S
CVE-2012-4746,H
CVE-2012-4820,E
CVE-2012-4821,E
CVE-2012-4822,E
CVE-2012-4823,E
CVE-2012-4829,E
CVE-2012-4838,E
CVE-2012-4856,E
CVE-2012-4876,S
CVE-2012-4879,S
CVE-2012-4898,E
CVE-2012-4948,E
CVE-2012-4960,E
CVE-2012-4970,E
CVE-2012-4999,H
CVE-2012-5002,A
CVE-2012-5017,E
CVE-2012-5037,E
CVE-2012-5053,S
CVE-2012-5174,A
CVE-2012-5198,E
CVE-2012-5199,E
CVE-2012-5215,A
CVE-2012-5216,E
CVE-2012-5218,M
CVE-2012-5221,A
CVE-2012-5306,H
CVE-2012-5316,E
CVE-2012-5319,H
CVE-2012-5320,H
CVE-2012-5322,H
CVE-2012-5323,H
CVE-2012-5415,E
CVE-2012-5419,E
CVE-2012-5422,E
CVE-2012-5444,E
CVE-2012-5445,E
CVE-2012-5460,E
CVE-2012-5687,H
CVE-2012-5717,E
CVE-2012-5723,E
CVE-2012-5756,E
CVE-2012-5758,E
CVE-2012-5759,E
CVE-2012-5760,E
CVE-2012-5761,E
CVE-2012-5762,E
CVE-2012-5763,E
CVE-2012-5767,E
CVE-2012-5860,C
CVE-2012-5861,S
CVE-2012-5862,S
CVE-2012-5863,S
CVE-2012-5864,S
CVE-2012-5940,E
CVE-2012-5941,E
CVE-2012-5966,CVE-2012-5966 CWE-264 d-link dsl-2730u
CVE-2012-5968,M
CVE-2012-5969,M
CVE-2012-5970,P
CVE-2012-5990,E
CVE-2012-5991,E
CVE-2012-5992,E
CVE-2012-6007,E
CVE-2012-6026,E
CVE-2012-6029,E
CVE-2012-6276,H
CVE-2012-6316,H
CVE-2012-6334,M
CVE-2012-6337,M
CVE-2012-6371,H
CVE-2012-6395,E
CVE-2012-6396,E
CVE-2012-6422,P
CVE-2012-6427,S
CVE-2012-6428,S
CVE-2012-6435,S
CVE-2012-6436,S
CVE-2012-6437,S
CVE-2012-6438,S
CVE-2012-6439,S
CVE-2012-6440,S
CVE-2012-6441,S
CVE-2012-6442,S
CVE-2012-6569,H
CVE-2012-6570,H
CVE-2012-6571,H
CVE-2012-6660,S
CVE-2013-0120,E
CVE-2013-0126,H
CVE-2013-0136,E
CVE-2013-0137,S
CVE-2013-0139,S
CVE-2013-0142,A
CVE-2013-0143,A
CVE-2013-0144,A
CVE-2013-0150,E
CVE-2013-0465,E
CVE-2013-0470,E
CVE-2013-0499,E
CVE-2013-0500,E
CVE-2013-0526,E
CVE-2013-0600,E
CVE-2013-0659,E
CVE-2013-0663,S
CVE-2013-0664,S
CVE-2013-0689,S
CVE-2013-0692,S
CVE-2013-0693,S
CVE-2013-0694,S
CVE-2013-0699,S
CVE-2013-0700,S
CVE-2013-0717,H
CVE-2013-1100,E
CVE-2013-1102,E
CVE-2013-1103,E
CVE-2013-1104,E
CVE-2013-1105,E
CVE-2013-1111,E
CVE-2013-1120,E
CVE-2013-1122,E
CVE-2013-1131,E
CVE-2013-1136,E
CVE-2013-1138,E
CVE-2013-1140,E
CVE-2013-1141,E
CVE-2013-1149,E
CVE-2013-1150,E
CVE-2013-1152,E
CVE-2013-1154,E
CVE-2013-1164,E
CVE-2013-1165,E
CVE-2013-1166,E
CVE-2013-1167,E
CVE-2013-1176,E
CVE-2013-1178,E
CVE-2013-1179,E
CVE-2013-1180,E
CVE-2013-1181,E
CVE-2013-1182,E
CVE-2013-1183,E
CVE-2013-1184,E
CVE-2013-1185,E
CVE-2013-1186,E
CVE-2013-1189,E
CVE-2013-1190,E
CVE-2013-1191,E
CVE-2013-1192,E
CVE-2013-1193,E
CVE-2013-1194,E
CVE-2013-1195,E
CVE-2013-1199,E
CVE-2013-1208,E
CVE-2013-1209,E
CVE-2013-1210,E
CVE-2013-1211,E
CVE-2013-1212,E
CVE-2013-1213,E
CVE-2013-1214,E
CVE-2013-1215,E
CVE-2013-1218,E
CVE-2013-1219,E
CVE-2013-1226,E
CVE-2013-1235,E
CVE-2013-1236,E
CVE-2013-1241,E
CVE-2013-1243,E
CVE-2013-1414,E
CVE-2013-1471,E
CVE-2013-1494,E
CVE-2013-1606,H
CVE-2013-1608,E
CVE-2013-1613,E
CVE-2013-1614,E
CVE-2013-1615,E
CVE-2013-1616,E
CVE-2013-1617,E
CVE-2013-2270,H
CVE-2013-2271,H
CVE-2013-2310,M
CVE-2013-2336,E
CVE-2013-2337,E
CVE-2013-2339,P
CVE-2013-2340,E
CVE-2013-2341,E
CVE-2013-2352,E
CVE-2013-2507,A
CVE-2013-2578,H
CVE-2013-2579,H
CVE-2013-2580,H
CVE-2013-2581,H
CVE-2013-2596,M
CVE-2013-2641,E
CVE-2013-2642,E
CVE-2013-2643,E
CVE-2013-2670,E
CVE-2013-2671,E
CVE-2013-2751,E
CVE-2013-2752,E
CVE-2013-2761,S
CVE-2013-2762,S
CVE-2013-2763,S
CVE-2013-2767,E
CVE-2013-2779,E
CVE-2013-2780,S
CVE-2013-2782,S
CVE-2013-2784,S
CVE-2013-2789,S
CVE-2013-2792,S
CVE-2013-2798,S
CVE-2013-2810,S
CVE-2013-2813,S
CVE-2013-2816,S
CVE-2013-2819,H
CVE-2013-2820,H
CVE-2013-2821,S
CVE-2013-2822,S
CVE-2013-2825,S
CVE-2013-3051,M
CVE-2013-3064,H
CVE-2013-3065,H
CVE-2013-3066,H
CVE-2013-3068,H
CVE-2013-3069,H
CVE-2013-3083,H
CVE-2013-3084,H
CVE-2013-3086,H
CVE-2013-3087,H
CVE-2013-3089,H
CVE-2013-3090,H
CVE-2013-3092,H
CVE-2013-3095,H
CVE-2013-3098,H
CVE-2013-3270,E
CVE-2013-3278,E
CVE-2013-3288,E
CVE-2013-3365,H
CVE-2013-3377,CVE-2013-3377 CWE-399 cisco telepresence_tc_software ip_video_phone_e20 telepresence_codec_c40 telepresence_codec_c60 telepresence_codec_c90 telepresence_ex60 telepresence_ex90 telepresence_mx200 telepresence_mx300 telepresence_profile_55 telepresence_profile_65 telepresence_quick_set_c20 telepresence_quick_set_sx20
CVE-2013-3382,E
CVE-2013-3383,E
CVE-2013-3384,E
CVE-2013-3385,E
CVE-2013-3386,E
CVE-2013-3395,E
CVE-2013-3396,E
CVE-2013-3400,E
CVE-2013-3408,E
CVE-2013-3410,E
CVE-2013-3411,E
CVE-2013-3414,E
CVE-2013-3420,E
CVE-2013-3426,E
CVE-2013-3435,E
CVE-2013-3441,E
CVE-2013-3445,E
CVE-2013-3454,E
CVE-2013-3458,E
CVE-2013-3463,E
CVE-2013-3467,E
CVE-2013-3468,E
CVE-2013-3469,E
CVE-2013-3474,E
CVE-2013-3475,E
CVE-2013-3497,E
CVE-2013-3539,H
CVE-2013-3540,H
CVE-2013-3541,H
CVE-2013-3581,H
CVE-2013-3582,CVE-2013-3582 CWE-119 dell latitude_d530 latitude_d531 latitude_d630 latitude_d631 latitude_d830 latitude_e4200 latitude_e4300 latitude_e5400 latitude_e5500 latitude_e6400 latitude_e6400_atg latitude_e6400_atg_xfr latitude_e6500 latitude_xt2 latitude_z600 precision_m2300 precision_m2400 precision_m4300 precision_m4400 precision_m6300 precision_m6400 precision_m6500
CVE-2013-3585,H
CVE-2013-3586,H
CVE-2013-3588,H
CVE-2013-3589,E
CVE-2013-3594,E
CVE-2013-3595,E
CVE-2013-3606,E
CVE-2013-3607,C
CVE-2013-3608,C
CVE-2013-3609,C
CVE-2013-3610,H
CVE-2013-3612,S
CVE-2013-3613,S
CVE-2013-3614,S
CVE-2013-3615,S
CVE-2013-3633,S
CVE-2013-3634,S
CVE-2013-3655,H
CVE-2013-3666,M
CVE-2013-3686,H
CVE-2013-3687,H
CVE-2013-3688,H
CVE-2013-3689,H
CVE-2013-3690,H
CVE-2013-3692,M
CVE-2013-3773,P
CVE-2013-3838,P
CVE-2013-3955,M
CVE-2013-3962,E
CVE-2013-3963,E
CVE-2013-3964,S
CVE-2013-4007,E
CVE-2013-4030,E
CVE-2013-4031,E
CVE-2013-4037,E
CVE-2013-4038,E
CVE-2013-4096,E
CVE-2013-4097,E
CVE-2013-4098,E
CVE-2013-4613,H
CVE-2013-4614,H
CVE-2013-4615,H
CVE-2013-4622,M
CVE-2013-4628,C
CVE-2013-4629,E
CVE-2013-4630,E
CVE-2013-4631,E
CVE-2013-4632,E
CVE-2013-4651,S
CVE-2013-4652,S
CVE-2013-4659,H
CVE-2013-4670,E
CVE-2013-4671,E
CVE-2013-4672,E
CVE-2013-4673,E
CVE-2013-4684,E
CVE-2013-4685,E
CVE-2013-4687,E
CVE-2013-4688,E
CVE-2013-4690,E
CVE-2013-4706,H
CVE-2013-4707,H
CVE-2013-4708,S
CVE-2013-4709,S
CVE-2013-4712,E
CVE-2013-4713,E
CVE-2013-4731,H
CVE-2013-4732,S
CVE-2013-4733,S
CVE-2013-4734,S
CVE-2013-4735,S
CVE-2013-4772,H
CVE-2013-4775,E
CVE-2013-4776,E
CVE-2013-4777,M
CVE-2013-4778,S
CVE-2013-4779,S
CVE-2013-4780,S
CVE-2013-4781,S
CVE-2013-4782,E
CVE-2013-4783,E
CVE-2013-4784,E
CVE-2013-4806,E
CVE-2013-4807,A
CVE-2013-4808,E
CVE-2013-4828,A
CVE-2013-4829,A
CVE-2013-4831,E
CVE-2013-4840,E
CVE-2013-4841,E
CVE-2013-4842,E
CVE-2013-4843,E
CVE-2013-4845,H
CVE-2013-4860,H
CVE-2013-4872,M
CVE-2013-4874,H
CVE-2013-4875,H
CVE-2013-4876,H
CVE-2013-4877,H
CVE-2013-4890,H
CVE-2013-4937,H
CVE-2013-4977,S
CVE-2013-4980,S
CVE-2013-4981,S
CVE-2013-4983,E
CVE-2013-5006,H
CVE-2013-5030,E
CVE-2013-5037,H
CVE-2013-5038,H
CVE-2013-5039,H
CVE-2013-5095,E
CVE-2013-5096,E
CVE-2013-5097,E
CVE-2013-5210,CVE-2013-5210 CWE-79 adtran aos netvanta_7060 netvanta_7100
CVE-2013-5215,S
CVE-2013-5218,H
CVE-2013-5219,H
CVE-2013-5220,H
CVE-2013-5223,H
CVE-2013-5376,E
CVE-2013-5403,E
CVE-2013-5428,E
CVE-2013-5442,E
CVE-2013-5446,E
CVE-2013-5471,E
CVE-2013-5493,E
CVE-2013-5497,E
CVE-2013-5516,E
CVE-2013-5519,E
CVE-2013-5522,E
CVE-2013-5526,E
CVE-2013-5532,E
CVE-2013-5533,E
CVE-2013-5535,E
CVE-2013-5537,E
CVE-2013-5538,E
CVE-2013-5539,E
CVE-2013-5540,E
CVE-2013-5541,E
CVE-2013-5543,E
CVE-2013-5545,E
CVE-2013-5546,E
CVE-2013-5547,E
CVE-2013-5550,E
CVE-2013-5552,E
CVE-2013-5556,E
CVE-2013-5563,E
CVE-2013-5566,E
CVE-2013-5667,E
CVE-2013-5668,E
CVE-2013-5669,E
CVE-2013-5703,H
CVE-2013-5709,CVE-2013-5709 CWE-189 siemens scalance_x-200_series_firmware scalance_x-200rna scalance_x200-4p_irt scalance_x201-3p_irt scalance_x202-2irt scalance_x202-2p_irt scalance_x204irt scalance_xf-200
CVE-2013-5730,H
CVE-2013-5740,C
CVE-2013-5741,S
CVE-2013-5754,S
CVE-2013-5755,E
CVE-2013-5756,E
CVE-2013-5757,E
CVE-2013-5758,E
CVE-2013-5760,E
CVE-2013-5781,C
CVE-2013-5933,M
CVE-2013-5944,S
CVE-2013-5946,H
CVE-2013-5975,E
CVE-2013-5976,E
CVE-2013-5997,H
CVE-2013-5998,H
CVE-2013-6011,E
CVE-2013-6013,E
CVE-2013-6015,E
CVE-2013-6023,S
CVE-2013-6024,E
CVE-2013-6026,H
CVE-2013-6027,H
CVE-2013-6030,S
CVE-2013-6031,M
CVE-2013-6032,E
CVE-2013-6033,E
CVE-2013-6034,M
CVE-2013-6035,M
CVE-2013-6193,A
CVE-2013-6306,E
CVE-2013-6343,H
CVE-2013-6684,E
CVE-2013-6685,CVE-2013-6685 CWE-264 cisco unified_ip_phone_firmware unified_ip_phone_8961 unified_ip_phone_9951 unified_ip_phone_9971
CVE-2013-6693,E
CVE-2013-6696,E
CVE-2013-6698,E
CVE-2013-6699,E
CVE-2013-6701,E
CVE-2013-6702,E
CVE-2013-6703,E
CVE-2013-6737,E
CVE-2013-6786,H
CVE-2013-6826,E
CVE-2013-6852,E
CVE-2013-6881,S
CVE-2013-6882,S
CVE-2013-6883,S
CVE-2013-6884,S
CVE-2013-6885,C
CVE-2013-6918,M
CVE-2013-6920,CVE-2013-6920 CWE-287 siemens sinamics_s%2fg_family_firmware sinamics_g110 sinamics_g110d sinamics_g120 sinamics_g120c sinamics_g120d sinamics_g120p sinamics_g130 sinamics_g150 sinamics_g180 sinamics_s110 sinamics_s120 sinamics_s120cm sinamics_s150
CVE-2013-6922,E
CVE-2013-6923,E
CVE-2013-6924,E
CVE-2013-6957,E
CVE-2013-6958,E
CVE-2013-6976,E
CVE-2013-7004,H
CVE-2013-7005,H
CVE-2013-7025,E
CVE-2013-7043,E
CVE-2013-7136,E
CVE-2013-7179,H
CVE-2013-7180,S
CVE-2013-7183,H
CVE-2013-7204,H
CVE-2013-7247,S
CVE-2013-7248,S
CVE-2013-7282,H
CVE-2013-7293,H
CVE-2013-7306,E
CVE-2013-7307,E
CVE-2013-7308,H
CVE-2013-7310,E
CVE-2013-7312,E
CVE-2013-7314,E
CVE-2013-7320,H
CVE-2013-7321,H
CVE-2013-7389,H
CVE-2013-7395,S
CVE-2013-7404,S
CVE-2014-0326,S
CVE-2014-0327,S
CVE-2014-0328,S
CVE-2014-0329,H
CVE-2014-0330,E
CVE-2014-0331,E
CVE-2014-0332,E
CVE-2014-0337,H
CVE-2014-0343,E
CVE-2014-0353,H
CVE-2014-0354,H
CVE-2014-0355,H
CVE-2014-0356,H
CVE-2014-0362,E
CVE-2014-0612,E
CVE-2014-0617,E
CVE-2014-0618,E
CVE-2014-0620,H
CVE-2014-0621,H
CVE-2014-0644,E
CVE-2014-0645,E
CVE-2014-0653,E
CVE-2014-0655,E
CVE-2014-0658,E
CVE-2014-0659,E
CVE-2014-0661,E
CVE-2014-0673,E
CVE-2014-0675,E
CVE-2014-0680,E
CVE-2014-0683,E
CVE-2014-0684,E
CVE-2014-0701,E
CVE-2014-0703,E
CVE-2014-0704,E
CVE-2014-0705,E
CVE-2014-0706,E
CVE-2014-0707,E
CVE-2014-0721,E
CVE-2014-0737,E
CVE-2014-0754,S
CVE-2014-0755,S
CVE-2014-0760,S
CVE-2014-0761,E
CVE-2014-0762,E
CVE-2014-0769,S
CVE-2014-0782,S
CVE-2014-0789,S
CVE-2014-0852,E
CVE-2014-0860,E
CVE-2014-0875,E
CVE-2014-0880,E
CVE-2014-0921,E
CVE-2014-0922,E
CVE-2014-0923,E
CVE-2014-0924,E
CVE-2014-0963,E
CVE-2014-0997,CVE-2014-0997 CWE-19 google android nexus_4 nexus_5
CVE-2014-100005,H
CVE-2014-100032,H
CVE-2014-10011,H
CVE-2014-10018,H
CVE-2014-10019,H
CVE-2014-10025,H
CVE-2014-10026,H
CVE-2014-10027,H
CVE-2014-10028,H
CVE-2014-1201,S
CVE-2014-1405,H
CVE-2014-1406,H
CVE-2014-1407,H
CVE-2014-1408,H
CVE-2014-1599,H
CVE-2014-1612,E
CVE-2014-1635,H
CVE-2014-1671,E
CVE-2014-1677,H
CVE-2014-1899,E
CVE-2014-1900,H
CVE-2014-1901,H
CVE-2014-1902,H
CVE-2014-1911,S
CVE-2014-1982,E
CVE-2014-1990,S
CVE-2014-1997,E
CVE-2014-2004,S
CVE-2014-2045,E
CVE-2014-2046,S
CVE-2014-2084,H
CVE-2014-2103,E
CVE-2014-2119,E
CVE-2014-2124,E
CVE-2014-2137,E
CVE-2014-2139,E
CVE-2014-2140,E
CVE-2014-2141,E
CVE-2014-2142,E
CVE-2014-2156,E
CVE-2014-2157,E
CVE-2014-2158,E
CVE-2014-2159,E
CVE-2014-2160,E
CVE-2014-2161,E
CVE-2014-2176,E
CVE-2014-2177,E
CVE-2014-2178,E
CVE-2014-2179,E
CVE-2014-2183,E
CVE-2014-2195,E
CVE-2014-2200,E
CVE-2014-2201,E
CVE-2014-2250,CVE-2014-2250 CWE-310 siemens simatic_s7_cpu_1200_firmware simatic_s7_cpu-1211c simatic_s7_cpu_1212c simatic_s7_cpu_1214c simatic_s7_cpu_1215c simatic_s7_cpu_1217c
CVE-2014-2252,CVE-2014-2252 CWE-399 siemens simatic_s7_cpu_1200_firmware simatic_s7_cpu-1211c simatic_s7_cpu_1212c simatic_s7_cpu_1214c simatic_s7_cpu_1215c simatic_s7_cpu_1217c
CVE-2014-2254,CVE-2014-2254 CWE-399 siemens simatic_s7_cpu_1200_firmware simatic_s7_cpu-1211c simatic_s7_cpu_1212c simatic_s7_cpu_1214c simatic_s7_cpu_1215c simatic_s7_cpu_1217c
CVE-2014-2256,CVE-2014-2256 CWE-399 siemens simatic_s7_cpu_1200_firmware simatic_s7_cpu-1211c simatic_s7_cpu_1212c simatic_s7_cpu_1214c simatic_s7_cpu_1215c simatic_s7_cpu_1217c
CVE-2014-2258,CVE-2014-2258 CWE-399 siemens simatic_s7_cpu_1200_firmware simatic_s7_cpu-1211c simatic_s7_cpu_1212c simatic_s7_cpu_1214c simatic_s7_cpu_1215c simatic_s7_cpu_1217c
CVE-2014-2273,M
CVE-2014-2321,H
CVE-2014-2336,E
CVE-2014-2358,E
CVE-2014-2360,S
CVE-2014-2361,S
CVE-2014-2362,S
CVE-2014-2363,S
CVE-2014-2369,S
CVE-2014-2370,S
CVE-2014-2373,S
CVE-2014-2374,S
CVE-2014-2378,S
CVE-2014-2379,S
CVE-2014-2388,M
CVE-2014-2389,M
CVE-2014-2519,E
CVE-2014-2537,E
CVE-2014-2541,E
CVE-2014-2542,E
CVE-2014-2543,E
CVE-2014-2565,E
CVE-2014-2589,E
CVE-2014-2603,E
CVE-2014-2606,E
CVE-2014-2717,S
CVE-2014-2719,H
CVE-2014-2849,E
CVE-2014-2850,E
CVE-2014-2881,E
CVE-2014-2882,E
CVE-2014-2908,S
CVE-2014-2909,S
CVE-2014-2938,S
CVE-2014-2940,S
CVE-2014-2941,S
CVE-2014-2942,S
CVE-2014-2946,H
CVE-2014-2955,S
CVE-2014-2959,E
CVE-2014-2962,H
CVE-2014-2964,CVE-2014-2964 no-score cobham aviator_700d aviator_700e
CVE-2014-2968,H
CVE-2014-2969,E
CVE-2014-3018,E
CVE-2014-3019,E
CVE-2014-3043,E
CVE-2014-3045,E
CVE-2014-3048,E
CVE-2014-3052,E
CVE-2014-3053,E
CVE-2014-3059,E
CVE-2014-3060,E
CVE-2014-3073,E
CVE-2014-3077,E
CVE-2014-3110,S
CVE-2014-3150,H
CVE-2014-3186,M
CVE-2014-3220,E
CVE-2014-3221,E
CVE-2014-3223,E
CVE-2014-3224,E
CVE-2014-3260,S
CVE-2014-3261,E
CVE-2014-3268,E
CVE-2014-3284,E
CVE-2014-3289,E
CVE-2014-3291,E
CVE-2014-3293,E
CVE-2014-3306,E
CVE-2014-3308,E
CVE-2014-3312,E
CVE-2014-3313,E
CVE-2014-3321,E
CVE-2014-3322,E
CVE-2014-3330,E
CVE-2014-3335,E
CVE-2014-3341,E
CVE-2014-3347,E
CVE-2014-3348,E
CVE-2014-3362,E
CVE-2014-3379,E
CVE-2014-3396,E
CVE-2014-3411,E
CVE-2014-3412,E
CVE-2014-3428,E
CVE-2014-3760,H
CVE-2014-3761,H
CVE-2014-3778,H
CVE-2014-3792,H
CVE-2014-3812,E
CVE-2014-3813,E
CVE-2014-3814,E
CVE-2014-3815,E
CVE-2014-3817,E
CVE-2014-3822,E
CVE-2014-3825,E
CVE-2014-3872,H
CVE-2014-3887,H
CVE-2014-3889,H
CVE-2014-3890,H
CVE-2014-3895,H
CVE-2014-3901,E
CVE-2014-3936,H
CVE-2014-4018,H
CVE-2014-4154,H
CVE-2014-4155,H
CVE-2014-4162,E
CVE-2014-4190,E
CVE-2014-4346,E
CVE-2014-4347,E
CVE-2014-4645,H
CVE-2014-4706,E
CVE-2014-4707,E
CVE-2014-4716,H
CVE-2014-4727,H
CVE-2014-4728,H
CVE-2014-4752,E
CVE-2014-4768,E
CVE-2014-4809,E
CVE-2014-4811,E
CVE-2014-4823,E
CVE-2014-4862,H
CVE-2014-4863,H
CVE-2014-4868,E
CVE-2014-4869,E
CVE-2014-4870,E
CVE-2014-4871,H
CVE-2014-4880,S
CVE-2014-4927,H
CVE-2014-5024,E
CVE-2014-5074,S
CVE-2014-5208,S
CVE-2014-5246,H
CVE-2014-5327,M
CVE-2014-5328,M
CVE-2014-5382,S
CVE-2014-5396,S
CVE-2014-5406,S
CVE-2014-5408,S
CVE-2014-5409,S
CVE-2014-5410,S
CVE-2014-5417,E
CVE-2014-5418,S
CVE-2014-5419,S
CVE-2014-5420,S
CVE-2014-5421,S
CVE-2014-5422,S
CVE-2014-5423,S
CVE-2014-5427,S
CVE-2014-5428,S
CVE-2014-5437,H
CVE-2014-5438,H
CVE-2014-5457,E
CVE-2014-6079,E
CVE-2014-6183,E
CVE-2014-6189,E
CVE-2014-6197,E
CVE-2014-6382,E
CVE-2014-6433,H
CVE-2014-6434,H
CVE-2014-6602,M
CVE-2014-6616,S
CVE-2014-7232,S
CVE-2014-7233,S
CVE-2014-7243,M
CVE-2014-7249,E
CVE-2014-7252,H
CVE-2014-7253,M
CVE-2014-7254,M
CVE-2014-7255,S
CVE-2014-7256,S
CVE-2014-7269,H
CVE-2014-7270,H
CVE-2014-7277,H
CVE-2014-7278,H
CVE-2014-7279,H
CVE-2014-7281,H
CVE-2014-7857,H
CVE-2014-7858,H
CVE-2014-7859,H
CVE-2014-7860,H
CVE-2014-7875,A
CVE-2014-7888,S
CVE-2014-7889,S
CVE-2014-7890,S
CVE-2014-7891,S
CVE-2014-7892,S
CVE-2014-7893,S
CVE-2014-7894,S
CVE-2014-7895,S
CVE-2014-7897,S
CVE-2014-7989,E
CVE-2014-7990,E
CVE-2014-7993,E
CVE-2014-7994,E
CVE-2014-7995,E
CVE-2014-7996,E
CVE-2014-7997,E
CVE-2014-7998,E
CVE-2014-7999,E
CVE-2014-8006,E
CVE-2014-8016,E
CVE-2014-8243,H
CVE-2014-8244,H
CVE-2014-8329,S
CVE-2014-8346,M
CVE-2014-8357,H
CVE-2014-8358,M
CVE-2014-8359,M
CVE-2014-8361,H
CVE-2014-8362,H
CVE-2014-8383,E
CVE-2014-8384,E
CVE-2014-8385,E
CVE-2014-8387,E
CVE-2014-8389,S
CVE-2014-8478,S
CVE-2014-8479,S
CVE-2014-8493,H
CVE-2014-8496,H
CVE-2014-8508,H
CVE-2014-8570,E
CVE-2014-8571,E
CVE-2014-8572,E
CVE-2014-8582,E
CVE-2014-8588,E
CVE-2014-8618,E
CVE-2014-8653,H
CVE-2014-8654,H
CVE-2014-8655,H
CVE-2014-8656,H
CVE-2014-8657,H
CVE-2014-8687,E
CVE-2014-8756,E
CVE-2014-8868,E
CVE-2014-8872,H
CVE-2014-9002,A
CVE-2014-9003,CVE-2014-9003 CWE-352 lantronix xprintserver A
CVE-2014-9019,H
CVE-2014-9020,H
CVE-2014-9021,H
CVE-2014-9027,H
CVE-2014-9118,H
CVE-2014-9134,H
CVE-2014-9135,M
CVE-2014-9183,H
CVE-2014-9184,H
CVE-2014-9194,E
CVE-2014-9197,S
CVE-2014-9198,S
CVE-2014-9201,S
CVE-2014-9234,H
CVE-2014-9238,H
CVE-2014-9284,H
CVE-2014-9303,S
CVE-2014-9350,H
CVE-2014-9369,S
CVE-2014-9406,H
CVE-2014-9510,H
CVE-2014-9517,H
CVE-2014-9518,H
CVE-2014-9564,E
CVE-2014-9565,E
CVE-2014-9596,S
CVE-2014-9690,H
CVE-2014-9691,E
CVE-2014-9692,E
CVE-2014-9693,E
CVE-2014-9694,E
CVE-2014-9695,E
CVE-2014-9696,E
CVE-2014-9697,E
CVE-2014-9754,E
CVE-2014-9755,E
CVE-2014-9888,M
CVE-2015-0554,H
CVE-2015-0582,E
CVE-2015-0586,E
CVE-2015-0599,CVE-2015-0599 CWE-254 cisco unified_computing_system E
CVE-2015-0600,E
CVE-2015-0601,E
CVE-2015-0602,E
CVE-2015-0603,E
CVE-2015-0604,E
CVE-2015-0605,E
CVE-2015-0611,E
CVE-2015-0618,E
CVE-2015-0622,E
CVE-2015-0623,E
CVE-2015-0624,E
CVE-2015-0628,E
CVE-2015-0631,E
CVE-2015-0633,E
CVE-2015-0656,E
CVE-2015-0658,E
CVE-2015-0667,E
CVE-2015-0670,E
CVE-2015-0672,CVE-2015-0672 CWE-399 cisco ios_xr asr_9001 asr_9006 asr_9010 asr_9904 asr_9912 asr_9922
CVE-2015-0673,E
CVE-2015-0686,E
CVE-2015-0687,E
CVE-2015-0688,E
CVE-2015-0694,E
CVE-2015-0695,E
CVE-2015-0711,E
CVE-2015-0712,E
CVE-2015-0721,E
CVE-2015-0734,E
CVE-2015-0739,E
CVE-2015-0751,CVE-2015-0751 CWE-20 cisco unified_communications_manager ip_phone_7861
CVE-2015-0767,E
CVE-2015-0771,E
CVE-2015-0775,E
CVE-2015-0776,E
CVE-2015-0869,H
CVE-2015-0887,S
CVE-2015-0924,E
CVE-2015-0929,E
CVE-2015-0930,E
CVE-2015-0932,E
CVE-2015-0936,E
CVE-2015-0985,S
CVE-2015-0987,S
CVE-2015-1011,S
CVE-2015-1015,S
CVE-2015-1028,H
CVE-2015-1048,S
CVE-2015-1049,S
CVE-2015-1056,A
CVE-2015-1187,H
CVE-2015-1188,H
CVE-2015-1348,E
CVE-2015-1357,S
CVE-2015-1437,H
CVE-2015-1448,S
CVE-2015-1449,S
CVE-2015-1460,E
CVE-2015-1469,A
CVE-2015-1513,E
CVE-2015-1600,H
CVE-2015-1800,M
CVE-2015-1801,M
CVE-2015-1878,E
CVE-2015-2048,H
CVE-2015-2049,H
CVE-2015-2050,H
CVE-2015-2051,H
CVE-2015-2052,H
CVE-2015-2054,H
CVE-2015-2055,H
CVE-2015-2112,P
CVE-2015-2113,P
CVE-2015-2177,S
CVE-2015-2245,M
CVE-2015-2246,M
CVE-2015-2251,E
CVE-2015-2252,E
CVE-2015-2253,E
CVE-2015-2255,E
CVE-2015-2279,H
CVE-2015-2280,S
CVE-2015-2676,H
CVE-2015-2681,H
CVE-2015-2797,H
CVE-2015-2800,E
CVE-2015-2804,E
CVE-2015-2805,E
CVE-2015-2849,H
CVE-2015-2850,H
CVE-2015-2852,E
CVE-2015-2853,E
CVE-2015-2854,E
CVE-2015-2855,E
CVE-2015-2866,S
CVE-2015-2870,S
CVE-2015-2871,S
CVE-2015-2874,H
CVE-2015-2875,H
CVE-2015-2876,H
CVE-2015-2880,H
CVE-2015-2881,H
CVE-2015-2882,H
CVE-2015-2883,H
CVE-2015-2884,H
CVE-2015-2885,H
CVE-2015-2886,H
CVE-2015-2887,H
CVE-2015-2888,H
CVE-2015-2889,H
CVE-2015-2890,P
CVE-2015-2897,H
CVE-2015-2904,H
CVE-2015-2905,H
CVE-2015-2914,H
CVE-2015-2915,H
CVE-2015-2916,H
CVE-2015-2917,H
CVE-2015-2984,H
CVE-2015-3002,E
CVE-2015-3005,E
CVE-2015-3035,H
CVE-2015-3322,P
CVE-2015-3323,P
CVE-2015-3324,P
CVE-2015-3459,S
CVE-2015-3614,E
CVE-2015-3615,E
CVE-2015-3616,E
CVE-2015-3642,E
CVE-2015-3911,M
CVE-2015-3913,E
CVE-2015-3938,S
CVE-2015-3939,S
CVE-2015-3949,S
CVE-2015-3950,S
CVE-2015-3951,S
CVE-2015-3955,S
CVE-2015-3957,S
CVE-2015-3958,S
CVE-2015-3963,S
CVE-2015-3967,S
CVE-2015-3968,S
CVE-2015-3969,S
CVE-2015-3970,S
CVE-2015-3971,S
CVE-2015-3972,S
CVE-2015-3973,S
CVE-2015-3974,S
CVE-2015-3976,S
CVE-2015-3990,E
CVE-2015-4033,M
CVE-2015-4034,M
CVE-2015-4080,H
CVE-2015-4138,E
CVE-2015-4184,E
CVE-2015-4197,E
CVE-2015-4202,E
CVE-2015-4203,E
CVE-2015-4204,E
CVE-2015-4205,E
CVE-2015-4213,E
CVE-2015-4225,E
CVE-2015-4231,E
CVE-2015-4232,E
CVE-2015-4236,E
CVE-2015-4237,E
CVE-2015-4243,E
CVE-2015-4258,E
CVE-2015-4263,E
CVE-2015-4277,E
CVE-2015-4278,E
CVE-2015-4284,E
CVE-2015-4296,E
CVE-2015-4301,E
CVE-2015-4323,E
CVE-2015-4324,E
CVE-2015-4407,E
CVE-2015-4408,E
CVE-2015-4409,E
CVE-2015-4421,M
CVE-2015-4422,M
CVE-2015-4464,A
CVE-2015-4586,S
CVE-2015-4587,E
CVE-2015-4624,E
CVE-2015-4629,M
CVE-2015-4640,M
CVE-2015-4641,M
CVE-2015-4679,H
CVE-2015-4714,H
CVE-2015-5013,E
CVE-2015-5357,E
CVE-2015-5363,E
CVE-2015-5367,P
CVE-2015-5368,P
CVE-2015-5369,E
CVE-2015-5374,S
CVE-2015-5386,S
CVE-2015-5434,E
CVE-2015-5464,E
CVE-2015-5536,H
CVE-2015-5618,S
CVE-2015-5631,H
CVE-2015-5698,S
CVE-2015-5729,C
CVE-2015-5738,E
CVE-2015-5987,H
CVE-2015-5988,H
CVE-2015-5989,H
CVE-2015-5990,H
CVE-2015-5991,H
CVE-2015-5992,H
CVE-2015-5993,H
CVE-2015-5994,H
CVE-2015-5995,H
CVE-2015-5996,H
CVE-2015-5999,H
CVE-2015-6016,H
CVE-2015-6023,H
CVE-2015-6024,H
CVE-2015-6260,E
CVE-2015-6265,E
CVE-2015-6267,E
CVE-2015-6268,E
CVE-2015-6269,E
CVE-2015-6270,E
CVE-2015-6271,E
CVE-2015-6272,E
CVE-2015-6273,E
CVE-2015-6274,E
CVE-2015-6277,E
CVE-2015-6284,E
CVE-2015-6285,E
CVE-2015-6289,E
CVE-2015-6295,E
CVE-2015-6297,E
CVE-2015-6301,E
CVE-2015-6309,E
CVE-2015-6312,E
CVE-2015-6313,E
CVE-2015-6319,E
CVE-2015-6320,E
CVE-2015-6336,E
CVE-2015-6358,E
CVE-2015-6361,E
CVE-2015-6392,E
CVE-2015-6393,E
CVE-2015-6396,E
CVE-2015-6397,E
CVE-2015-6403,E
CVE-2015-6412,E
CVE-2015-6464,S
CVE-2015-6465,S
CVE-2015-6466,S
CVE-2015-6472,S
CVE-2015-6473,S
CVE-2015-6476,S
CVE-2015-6479,E
CVE-2015-6485,S
CVE-2015-6574,H
CVE-2015-6586,E
CVE-2015-6592,E
CVE-2015-6811,E
CVE-2015-6859,E
CVE-2015-6860,E
CVE-2015-6949,H
CVE-2015-7245,H
CVE-2015-7246,H
CVE-2015-7247,H
CVE-2015-7248,H
CVE-2015-7249,H
CVE-2015-7250,H
CVE-2015-7251,H
CVE-2015-7252,H
CVE-2015-7254,H
CVE-2015-7255,M
CVE-2015-7256,E
CVE-2015-7257,H
CVE-2015-7258,H
CVE-2015-7259,H
CVE-2015-7267,H
CVE-2015-7268,H
CVE-2015-7269,C
CVE-2015-7270,E
CVE-2015-7271,E
CVE-2015-7272,E
CVE-2015-7273,E
CVE-2015-7274,E
CVE-2015-7275,E
CVE-2015-7277,H
CVE-2015-7278,H
CVE-2015-7279,H
CVE-2015-7280,H
CVE-2015-7281,H
CVE-2015-7282,H
CVE-2015-7283,H
CVE-2015-7284,H
CVE-2015-7285,S
CVE-2015-7286,S
CVE-2015-7287,S
CVE-2015-7288,S
CVE-2015-7289,H
CVE-2015-7290,H
CVE-2015-7291,H
CVE-2015-7296,H
CVE-2015-7360,E
CVE-2015-7363,E
CVE-2015-7446,E
CVE-2015-7740,M
CVE-2015-7787,H
CVE-2015-7788,H
CVE-2015-7789,H
CVE-2015-7790,H
CVE-2015-7842,E
CVE-2015-7845,E
CVE-2015-7846,E
CVE-2015-7847,M
CVE-2015-7888,M
CVE-2015-7889,M
CVE-2015-7893,M
CVE-2015-7894,M
CVE-2015-7895,M
CVE-2015-7896,M
CVE-2015-7897,M
CVE-2015-7898,M
CVE-2015-7906,S
CVE-2015-7908,S
CVE-2015-7909,S
CVE-2015-7911,S
CVE-2015-7937,S
CVE-2015-7938,S
CVE-2015-8083,CVE-2015-8083 CWE-119 huawei espace_firmware espace_unified_gateway_u1910 espace_unified_gateway_u1911 espace_unified_gateway_u1930 espace_unified_gateway_u1960 espace_unified_gateway_u1980 espace_unified_gateway_u1981
CVE-2015-8084,E
CVE-2015-8085,E
CVE-2015-8086,E
CVE-2015-8087,E
CVE-2015-8088,M
CVE-2015-8089,M
CVE-2015-8108,CVE-2015-8108 CWE-254 lenovo emc_firmware emc_ez_media_%26_backup_%28hm3%29 emc_ix2%2fix2-dl emc_ix4-300d_%28inc_dl%29 emc_px12-400r%2f450r emc_px2-300d emc_px4-300d emc_px4-300r emc_px4-400d emc_px4-400r emc_px6-300d
CVE-2015-8214,S
CVE-2015-8223,M
CVE-2015-8224,M
CVE-2015-8227,E
CVE-2015-8228,E
CVE-2015-8229,E
CVE-2015-8230,E
CVE-2015-8231,E
CVE-2015-8251,E
CVE-2015-8256,S
CVE-2015-8257,S
CVE-2015-8262,H
CVE-2015-8263,H
CVE-2015-8265,M
CVE-2015-8269,H
CVE-2015-8287,S
CVE-2015-8288,H
CVE-2015-8289,H
CVE-2015-8304,M
CVE-2015-8305,M
CVE-2015-8306,M
CVE-2015-8307,M
CVE-2015-8318,M
CVE-2015-8319,M
CVE-2015-8331,E
CVE-2015-8332,E
CVE-2015-8333,E
CVE-2015-8334,E
CVE-2015-8335,E
CVE-2015-8336,E
CVE-2015-8337,M
CVE-2015-8672,E
CVE-2015-8673,E
CVE-2015-8675,E
CVE-2015-8676,E
CVE-2015-8677,E
CVE-2015-8678,M
CVE-2015-8679,M
CVE-2015-8680,M
CVE-2015-8681,M
CVE-2015-8682,M
CVE-2015-8703,H
CVE-2016-0777,E
CVE-2016-0862,S
CVE-2016-0868,S
CVE-2016-0875,S
CVE-2016-0876,S
CVE-2016-0877,S
CVE-2016-0878,S
CVE-2016-0879,S
CVE-2016-0917,E
CVE-2016-1000213,E
CVE-2016-1000214,E
CVE-2016-1000215,E
CVE-2016-1000216,E
CVE-2016-10042,H
CVE-2016-10098,E
CVE-2016-10106,H
CVE-2016-10115,H
CVE-2016-10116,H
CVE-2016-10125,H
CVE-2016-10174,H
CVE-2016-10175,H
CVE-2016-10176,H
CVE-2016-10177,H
CVE-2016-10178,H
CVE-2016-10179,H
CVE-2016-10180,H
CVE-2016-10181,H
CVE-2016-10182,H
CVE-2016-10183,H
CVE-2016-10184,H
CVE-2016-10185,H
CVE-2016-10186,H
CVE-2016-10225,C
CVE-2016-10227,E
CVE-2016-10259,E
CVE-2016-10273,H
CVE-2016-10305,E
CVE-2016-10306,E
CVE-2016-10307,E
CVE-2016-10308,E
CVE-2016-10309,E
CVE-2016-10312,H
CVE-2016-10313,H
CVE-2016-10314,H
CVE-2016-10315,H
CVE-2016-10316,H
CVE-2016-10370,M
CVE-2016-10372,H
CVE-2016-10401,H
CVE-2016-10405,H
CVE-2016-10699,H
CVE-2016-1134,H
CVE-2016-1135,H
CVE-2016-1136,H
CVE-2016-1137,H
CVE-2016-1138,H
CVE-2016-1139,H
CVE-2016-1140,H
CVE-2016-1141,H
CVE-2016-1158,H
CVE-2016-1167,H
CVE-2016-1168,H
CVE-2016-1175,M
CVE-2016-1206,H
CVE-2016-1207,H
CVE-2016-1227,H
CVE-2016-1228,H
CVE-2016-1273,E
CVE-2016-1274,E
CVE-2016-1299,CVE-2016-1299 CWE-399 cisco 300_series_managed_switch_firmware sf300-08 sf300-24 sf300-24mp sf300-24p sf300-24pp sf300-48 sf300-48p sf300-48pp sf302-08 sf302-08mp sf302-08mpp sf302-08p sf302-08pp sg300-10 sg300-10mp sg300-10mpp sg300-10p sg300-10pp sg300-10sfp sg300-20 sg300-28 sg300-28mp sg300-28p sg300-28pp sg300-52 sg300-52mp sg300-52p
CVE-2016-1303,CVE-2016-1303 CWE-20 cisco 500_series_switch_firmware sf500-24 sf500-24p sf500-48 sf500-48p sg500-28 sg500-28mpp sg500-28p sg500-52 sg500-52mp sg500-52p sg500x-24 sg500x-24p sg500x-48 sg500x-48p sg500xg-8f8t
CVE-2016-1312,E
CVE-2016-1325,E
CVE-2016-1327,E
CVE-2016-1328,E
CVE-2016-1329,E
CVE-2016-1336,E
CVE-2016-1337,E
CVE-2016-1346,E
CVE-2016-1361,E
CVE-2016-1370,E
CVE-2016-1380,E
CVE-2016-1381,E
CVE-2016-1382,E
CVE-2016-1383,E
CVE-2016-1385,E
CVE-2016-1388,E
CVE-2016-1395,E
CVE-2016-1396,E
CVE-2016-1397,E
CVE-2016-1398,E
CVE-2016-1399,E
CVE-2016-1400,E
CVE-2016-1402,E
CVE-2016-1407,E
CVE-2016-1418,E
CVE-2016-1419,E
CVE-2016-1420,E
CVE-2016-1421,E
CVE-2016-1426,E
CVE-2016-1429,E
CVE-2016-1430,E
CVE-2016-1434,E
CVE-2016-1435,E
CVE-2016-1438,E
CVE-2016-1452,E
CVE-2016-1454,E
CVE-2016-1455,E
CVE-2016-1465,E
CVE-2016-1469,E
CVE-2016-1476,E
CVE-2016-1479,E
CVE-2016-1488,E
CVE-2016-1495,M
CVE-2016-1496,M
CVE-2016-1555,H
CVE-2016-1556,H
CVE-2016-1557,H
CVE-2016-1558,E
CVE-2016-1559,E
CVE-2016-1560,E
CVE-2016-1561,E
CVE-2016-1896,A
CVE-2016-2036,M
CVE-2016-2071,E
CVE-2016-2072,E
CVE-2016-2200,S
CVE-2016-2201,S
CVE-2016-2231,H
CVE-2016-2243,P
CVE-2016-2244,A
CVE-2016-2274,S
CVE-2016-2275,S
CVE-2016-2278,S
CVE-2016-2279,S
CVE-2016-2282,S
CVE-2016-2283,S
CVE-2016-2285,S
CVE-2016-2286,S
CVE-2016-2287,S
CVE-2016-2293,S
CVE-2016-2294,S
CVE-2016-2295,S
CVE-2016-2309,H
CVE-2016-2310,S
CVE-2016-2311,S
CVE-2016-2314,H
CVE-2016-2331,S
CVE-2016-2332,S
CVE-2016-2333,S
CVE-2016-2397,E
CVE-2016-2404,E
CVE-2016-2405,E
CVE-2016-2431,M
CVE-2016-2432,M
CVE-2016-2434,M
CVE-2016-2435,M
CVE-2016-2436,M
CVE-2016-2437,M
CVE-2016-2441,M
CVE-2016-2442,M
CVE-2016-2443,M
CVE-2016-2444,M
CVE-2016-2445,M
CVE-2016-2446,M
CVE-2016-2453,M
CVE-2016-2454,M
CVE-2016-2456,M
CVE-2016-2459,M
CVE-2016-2460,M
CVE-2016-2492,M
CVE-2016-2498,M
CVE-2016-2509,S
CVE-2016-2565,M
CVE-2016-2566,M
CVE-2016-2567,M
CVE-2016-2846,S
CVE-2016-2870,E
CVE-2016-2908,E
CVE-2016-3016,E
CVE-2016-3017,E
CVE-2016-3019,E
CVE-2016-3020,E
CVE-2016-3021,E
CVE-2016-3022,E
CVE-2016-3023,E
CVE-2016-3024,E
CVE-2016-3027,E
CVE-2016-3029,E
CVE-2016-3043,E
CVE-2016-3046,E
CVE-2016-3051,E
CVE-2016-3145,A
CVE-2016-3149,A
CVE-2016-3150,E
CVE-2016-3151,E
CVE-2016-3152,E
CVE-2016-3161,C
CVE-2016-3628,E
CVE-2016-3675,E
CVE-2016-3676,M
CVE-2016-3678,E
CVE-2016-3680,M
CVE-2016-3681,M
CVE-2016-3949,S
CVE-2016-3950,E
CVE-2016-3962,E
CVE-2016-3963,S
CVE-2016-3968,E
CVE-2016-3988,E
CVE-2016-3989,E
CVE-2016-4030,M
CVE-2016-4031,M
CVE-2016-4032,M
CVE-2016-4038,M
CVE-2016-4087,E
CVE-2016-4375,C
CVE-2016-4376,E
CVE-2016-4379,E
CVE-2016-4494,S
CVE-2016-4495,S
CVE-2016-4500,S
CVE-2016-4503,S
CVE-2016-4513,S
CVE-2016-4514,S
CVE-2016-4521,E
CVE-2016-4529,S
CVE-2016-4573,E
CVE-2016-4575,M
CVE-2016-4576,E
CVE-2016-4577,E
CVE-2016-4784,S
CVE-2016-4785,S
CVE-2016-4815,H
CVE-2016-4816,H
CVE-2016-4820,E
CVE-2016-4821,E
CVE-2016-4822,H
CVE-2016-4823,H
CVE-2016-4824,H
CVE-2016-4845,H
CVE-2016-4854,H
CVE-2016-4945,E
CVE-2016-4959,C
CVE-2016-4960,C
CVE-2016-4961,C
CVE-2016-5025,C
CVE-2016-5065,S
CVE-2016-5066,S
CVE-2016-5067,S
CVE-2016-5068,S
CVE-2016-5069,S
CVE-2016-5070,S
CVE-2016-5071,S
CVE-2016-5081,S
CVE-2016-5084,S
CVE-2016-5085,S
CVE-2016-5086,S
CVE-2016-5230,S
CVE-2016-5231,M
CVE-2016-5232,M
CVE-2016-5233,M
CVE-2016-5234,M
CVE-2016-5247,P
CVE-2016-5365,M
CVE-2016-5366,M
CVE-2016-5367,M
CVE-2016-5368,E
CVE-2016-5435,E
CVE-2016-5639,E
CVE-2016-5640,E
CVE-2016-5645,S
CVE-2016-5650,S
CVE-2016-5666,S
CVE-2016-5667,S
CVE-2016-5668,S
CVE-2016-5669,S
CVE-2016-5670,S
CVE-2016-5671,S
CVE-2016-5681,H
CVE-2016-5685,P
CVE-2016-5686,S
CVE-2016-5722,E
CVE-2016-5782,S
CVE-2016-5788,S
CVE-2016-5789,S
CVE-2016-5791,S
CVE-2016-5799,S
CVE-2016-5804,S
CVE-2016-5809,S
CVE-2016-5811,S
CVE-2016-5812,S
CVE-2016-5813,S
CVE-2016-5815,S
CVE-2016-5816,S
CVE-2016-5818,S
CVE-2016-5852,C
CVE-2016-5879,E
CVE-2016-5919,E
CVE-2016-6158,M
CVE-2016-6159,M
CVE-2016-6177,M
CVE-2016-6178,M
CVE-2016-6179,M
CVE-2016-6180,M
CVE-2016-6181,M
CVE-2016-6182,M
CVE-2016-6183,M
CVE-2016-6184,M
CVE-2016-6206,M
CVE-2016-6257,H
CVE-2016-6277,H
CVE-2016-6375,E
CVE-2016-6399,E
CVE-2016-6455,E
CVE-2016-6467,E
CVE-2016-6518,E
CVE-2016-6535,S
CVE-2016-6536,S
CVE-2016-6537,S
CVE-2016-6669,E
CVE-2016-6670,E
CVE-2016-6684,M
CVE-2016-6824,E
CVE-2016-6825,E
CVE-2016-6838,E
CVE-2016-6894,E
CVE-2016-6899,E
CVE-2016-6900,CVE-2016-6900 CWE-399 huawei rh1288_v3_server_firmware rh2288_v3_server_firmware rh2288h_v3_server_firmware xh620_v3_server_firmware xh622_v3_server_firmware xh628_v3_server_firmware E
CVE-2016-6901,CVE-2016-6901 CWE-20 huawei ar_firmware ar100 ar120 ar1200 ar150 ar200 ar2200 ar2500 ar3200 ar3600 ar500 ar550 E
CVE-2016-6915,M
CVE-2016-6916,M
CVE-2016-6917,M
CVE-2016-7090,S
CVE-2016-7112,S
CVE-2016-7113,S
CVE-2016-7114,S
CVE-2016-7382,CVE-2016-7382 CWE-275 nvidia gpu_driver geforce_910m geforce_920m geforce_920mx geforce_930m geforce_930mx geforce_940m geforce_940mx geforce_945m geforce_gt_710 geforce_gt_730 geforce_gtx_1050 geforce_gtx_1060 geforce_gtx_1070 geforce_gtx_1080 geforce_gtx_950m geforce_gtx_960m geforce_gtx_965m nvs_310 nvs_315 nvs_510 nvs_810 quadro_k1200 quadro_k420 quadro_k620 quadro_m1000m quadro_m2000 quadro_m2000m quadro_m3000m quadro_m4000 quadro_m4000m quadro_m5000 quadro_m5000m quadro_m500m quadro_m5500 quadro_m6000 quadro_m600m quadro_p5000 quadro_p6000 telsa_k80 tesla_c2050 tesla_c2070 tesla_c2075 tesla_k10 tesla_k20 tesla_k20x tesla_k40 tesla_k8 tesla_k80 tesla_m2050 tesla_m2070 tesla_m2075 tesla_m2090 tesla_m40 tesla_m6 tesla_m60 tesla_p100 tesla_p4 tesla_p40 titan_x
CVE-2016-7399,E
CVE-2016-7454,H
CVE-2016-7786,E
CVE-2016-7792,H
CVE-2016-7807,H
CVE-2016-7808,H
CVE-2016-7809,H
CVE-2016-7810,H
CVE-2016-7811,H
CVE-2016-7814,H
CVE-2016-7819,H
CVE-2016-7820,H
CVE-2016-7821,H
CVE-2016-7822,H
CVE-2016-7823,H
CVE-2016-7824,H
CVE-2016-7825,H
CVE-2016-7826,H
CVE-2016-7830,A
CVE-2016-7834,A
CVE-2016-7987,S
CVE-2016-7988,M
CVE-2016-7989,M
CVE-2016-7990,M
CVE-2016-7991,M
CVE-2016-8103,C
CVE-2016-8105,C
CVE-2016-8106,C
CVE-2016-8209,E
CVE-2016-8222,P
CVE-2016-8224,P
CVE-2016-8232,P
CVE-2016-8236,P
CVE-2016-8271,E
CVE-2016-8279,M
CVE-2016-8346,S
CVE-2016-8350,S
CVE-2016-8352,S
CVE-2016-8359,S
CVE-2016-8362,S
CVE-2016-8363,S
CVE-2016-8367,S
CVE-2016-8368,S
CVE-2016-8370,S
CVE-2016-8372,S
CVE-2016-8374,S
CVE-2016-8377,S
CVE-2016-8379,S
CVE-2016-8491,E
CVE-2016-8561,S
CVE-2016-8562,S
CVE-2016-8672,S
CVE-2016-8673,S
CVE-2016-8712,S
CVE-2016-8716,S
CVE-2016-8718,S
CVE-2016-8719,S
CVE-2016-8720,S
CVE-2016-8721,S
CVE-2016-8722,S
CVE-2016-8723,S
CVE-2016-8724,S
CVE-2016-8725,S
CVE-2016-8726,S
CVE-2016-8727,S
CVE-2016-8731,S
CVE-2016-8754,E
CVE-2016-8756,M
CVE-2016-8757,M
CVE-2016-8758,M
CVE-2016-8759,M
CVE-2016-8760,M
CVE-2016-8761,M
CVE-2016-8762,M
CVE-2016-8763,M
CVE-2016-8764,M
CVE-2016-8768,M
CVE-2016-8773,M
CVE-2016-8774,M
CVE-2016-8775,M
CVE-2016-8776,M
CVE-2016-8780,E
CVE-2016-8781,E
CVE-2016-8789,E
CVE-2016-8790,E
CVE-2016-8791,M
CVE-2016-8792,M
CVE-2016-8793,M
CVE-2016-8794,M
CVE-2016-8795,E
CVE-2016-8796,E
CVE-2016-8797,E
CVE-2016-8798,E
CVE-2016-8801,E
CVE-2016-8802,E
CVE-2016-8812,C
CVE-2016-9028,E
CVE-2016-9154,S
CVE-2016-9155,S
CVE-2016-9158,S
CVE-2016-9159,S
CVE-2016-9196,E
CVE-2016-9198,E
CVE-2016-9203,E
CVE-2016-9204,E
CVE-2016-9211,E
CVE-2016-9219,E
CVE-2016-9339,S
CVE-2016-9343,S
CVE-2016-9344,S
CVE-2016-9346,S
CVE-2016-9347,S
CVE-2016-9348,S
CVE-2016-9357,S
CVE-2016-9358,S
CVE-2016-9361,S
CVE-2016-9362,S
CVE-2016-9363,CVE-2016-9363 CWE-119 moxa nport_5100_series_firmware nport_5110
CVE-2016-9364,S
CVE-2016-9365,S
CVE-2016-9366,S
CVE-2016-9367,S
CVE-2016-9369,S
CVE-2016-9371,S
CVE-2016-9834,E
CVE-2017-0866,C
CVE-2017-1000020,H
CVE-2017-1000255,C
CVE-2017-10604,E
CVE-2017-10605,E
CVE-2017-10606,E
CVE-2017-10608,E
CVE-2017-10610,E
CVE-2017-10611,E
CVE-2017-10619,E
CVE-2017-10620,E
CVE-2017-10676,H
CVE-2017-10677,H
CVE-2017-10709,M
CVE-2017-10793,H
CVE-2017-10796,H
CVE-2017-10811,H
CVE-2017-10813,H
CVE-2017-10814,H
CVE-2017-10832,H
CVE-2017-10833,H
CVE-2017-10834,H
CVE-2017-10835,H
CVE-2017-10845,H
CVE-2017-10846,H
CVE-2017-10856,H
CVE-2017-10871,H
CVE-2017-10874,H
CVE-2017-10875,E
CVE-2017-10890,H
CVE-2017-10896,H
CVE-2017-10897,H
CVE-2017-10900,H
CVE-2017-10901,H
CVE-2017-10902,H
CVE-2017-10903,H
CVE-2017-10930,E
CVE-2017-10931,E
CVE-2017-10932,E
CVE-2017-10933,E
CVE-2017-11105,M
CVE-2017-11120,C
CVE-2017-11121,C
CVE-2017-11122,C
CVE-2017-11165,S
CVE-2017-11169,P
CVE-2017-11320,H
CVE-2017-11344,H
CVE-2017-11345,H
CVE-2017-11349,S
CVE-2017-11350,H
CVE-2017-11351,H
CVE-2017-11361,H
CVE-2017-11400,E
CVE-2017-11401,E
CVE-2017-11402,E
CVE-2017-11420,H
CVE-2017-11435,H
CVE-2017-11436,H
CVE-2017-11456,S
CVE-2017-11494,S
CVE-2017-11495,H
CVE-2017-11502,H
CVE-2017-11519,H
CVE-2017-11587,H
CVE-2017-11588,H
CVE-2017-11589,H
CVE-2017-11648,H
CVE-2017-12083,H
CVE-2017-12084,H
CVE-2017-12085,H
CVE-2017-12094,H
CVE-2017-12096,H
CVE-2017-12213,E
CVE-2017-12217,E
CVE-2017-12219,E
CVE-2017-12223,E
CVE-2017-12243,E
CVE-2017-12255,E
CVE-2017-12259,H
CVE-2017-12260,E
CVE-2017-12271,E
CVE-2017-12273,E
CVE-2017-12274,E
CVE-2017-12275,E
CVE-2017-12277,E
CVE-2017-12278,E
CVE-2017-12279,E
CVE-2017-12280,E
CVE-2017-12281,E
CVE-2017-12282,E
CVE-2017-12283,E
CVE-2017-12301,E
CVE-2017-12318,E
CVE-2017-12373,E
CVE-2017-12413,S
CVE-2017-12460,H
CVE-2017-12568,H
CVE-2017-12582,H
CVE-2017-12589,H
CVE-2017-12591,H
CVE-2017-12592,H
CVE-2017-12593,H
CVE-2017-12703,S
CVE-2017-12709,S
CVE-2017-12731,S
CVE-2017-12733,S
CVE-2017-12734,S
CVE-2017-12735,S
CVE-2017-12736,S
CVE-2017-12737,S
CVE-2017-12738,S
CVE-2017-12739,S
CVE-2017-12741,S
CVE-2017-12754,H
CVE-2017-12853,H
CVE-2017-12857,E
CVE-2017-12943,H
CVE-2017-13663,H
CVE-2017-13664,H
CVE-2017-13698,S
CVE-2017-13699,S
CVE-2017-13700,S
CVE-2017-13701,S
CVE-2017-13702,S
CVE-2017-13703,S
CVE-2017-13713,H
CVE-2017-13724,H
CVE-2017-13772,H
CVE-2017-13992,S
CVE-2017-13994,S
CVE-2017-13996,S
CVE-2017-13998,S
CVE-2017-14000,S
CVE-2017-14003,C
CVE-2017-14005,S
CVE-2017-14007,S
CVE-2017-14009,S
CVE-2017-14011,S
CVE-2017-14013,S
CVE-2017-14018,S
CVE-2017-14020,S
CVE-2017-14021,S
CVE-2017-14025,S
CVE-2017-14027,S
CVE-2017-14028,S
CVE-2017-14115,H
CVE-2017-14116,H
CVE-2017-14117,H
CVE-2017-14127,H
CVE-2017-14147,H
CVE-2017-14219,H
CVE-2017-14243,H
CVE-2017-14244,H
CVE-2017-14250,H
CVE-2017-14262,S
CVE-2017-14263,S
CVE-2017-14267,H
CVE-2017-14268,H
CVE-2017-14269,H
CVE-2017-14335,H
CVE-2017-14386,E
CVE-2017-14413,H
CVE-2017-14414,H
CVE-2017-14415,H
CVE-2017-14416,H
CVE-2017-14417,H
CVE-2017-14418,H
CVE-2017-14419,H
CVE-2017-14420,H
CVE-2017-14421,H
CVE-2017-14422,H
CVE-2017-14423,H
CVE-2017-14424,H
CVE-2017-14425,H
CVE-2017-14426,H
CVE-2017-14427,H
CVE-2017-14428,H
CVE-2017-14429,H
CVE-2017-14430,H
CVE-2017-14514,H
CVE-2017-14515,H
CVE-2017-1453,E
CVE-2017-1459,E
CVE-2017-14743,H
CVE-2017-1477,E
CVE-2017-1478,E
CVE-2017-14797,S
CVE-2017-14855,S
CVE-2017-14937,C
CVE-2017-14942,H
CVE-2017-14953,S
CVE-2017-15226,H
CVE-2017-15236,S
CVE-2017-15291,H
CVE-2017-15304,C
CVE-2017-15307,M
CVE-2017-15311,M
CVE-2017-15316,M
CVE-2017-15317,H
CVE-2017-15318,E
CVE-2017-15319,E
CVE-2017-15320,E
CVE-2017-15322,M
CVE-2017-15324,E
CVE-2017-15328,S
CVE-2017-1533,E
CVE-2017-1534,E
CVE-2017-15361,M
CVE-2017-15567,E
CVE-2017-15583,E
CVE-2017-15613,H
CVE-2017-15614,H
CVE-2017-15615,H
CVE-2017-15616,H
CVE-2017-15617,H
CVE-2017-15618,H
CVE-2017-15619,H
CVE-2017-15620,H
CVE-2017-15621,H
CVE-2017-15622,H
CVE-2017-15623,H
CVE-2017-15624,H
CVE-2017-15625,H
CVE-2017-15626,H
CVE-2017-15627,H
CVE-2017-15628,H
CVE-2017-15629,H
CVE-2017-15630,H
CVE-2017-15631,H
CVE-2017-15632,H
CVE-2017-15633,H
CVE-2017-15634,H
CVE-2017-15635,H
CVE-2017-15636,H
CVE-2017-15637,H
CVE-2017-15805,E
CVE-2017-15885,S
CVE-2017-15909,H
CVE-2017-16241,E
CVE-2017-16249,H
CVE-2017-16522,H
CVE-2017-16523,H
CVE-2017-16524,H
CVE-2017-16563,H
CVE-2017-16564,H
CVE-2017-16565,H
CVE-2017-16566,H
CVE-2017-16715,S
CVE-2017-16719,S
CVE-2017-16723,S
CVE-2017-16725,E
CVE-2017-16727,E
CVE-2017-16737,H
CVE-2017-16739,H
CVE-2017-16740,S
CVE-2017-16741,S
CVE-2017-16743,S
CVE-2017-16765,H
CVE-2017-16786,E
CVE-2017-16819,E
CVE-2017-16836,H
CVE-2017-16843,H
CVE-2017-16867,H
CVE-2017-16885,H
CVE-2017-16886,H
CVE-2017-16887,H
CVE-2017-16902,H
CVE-2017-16923,H
CVE-2017-16936,H
CVE-2017-16953,H
CVE-2017-16957,H
CVE-2017-16958,H
CVE-2017-16959,H
CVE-2017-16960,H
CVE-2017-17065,H
CVE-2017-1710,E
CVE-2017-17105,E
CVE-2017-17106,CVE-2017-17106 CWE-255 zivif pr115-204-p-rs_firmwarezivif pr115
CVE-2017-17107,CVE-2017-17107 CWE-798 zivif pr115-204-p-rs_firmwarezivif pr115
CVE-2017-17411,H
CVE-2017-17427,E
CVE-2017-17430,E
CVE-2017-17435,H
CVE-2017-17436,H
CVE-2017-17463,H
CVE-2017-17537,C
CVE-2017-17538,C
CVE-2017-17560,E
CVE-2017-17704,H
CVE-2017-17737,S
CVE-2017-17738,S
CVE-2017-17739,S
CVE-2017-17745,H
CVE-2017-17746,H
CVE-2017-17747,H
CVE-2017-17757,H
CVE-2017-17758,H
CVE-2017-17761,H
CVE-2017-17867,H
CVE-2017-17877,H
CVE-2017-17878,H
CVE-2017-17901,H
CVE-2017-17910,H
CVE-2017-17974,S
CVE-2017-2111,H
CVE-2017-2112,H
CVE-2017-2113,H
CVE-2017-2125,E
CVE-2017-2126,H
CVE-2017-2131,H
CVE-2017-2132,H
CVE-2017-2133,H
CVE-2017-2141,H
CVE-2017-2142,H
CVE-2017-2148,H
CVE-2017-2152,H
CVE-2017-2153,H
CVE-2017-2183,H
CVE-2017-2184,H
CVE-2017-2185,H
CVE-2017-2186,H
CVE-2017-2223,H
CVE-2017-2234,H
CVE-2017-2235,H
CVE-2017-2236,H
CVE-2017-2237,H
CVE-2017-2238,H
CVE-2017-2244,E
CVE-2017-2273,H
CVE-2017-2274,H
CVE-2017-2275,H
CVE-2017-2276,H
CVE-2017-2277,H
CVE-2017-2280,H
CVE-2017-2281,H
CVE-2017-2282,H
CVE-2017-2283,H
CVE-2017-2286,H
CVE-2017-2289,M
CVE-2017-2304,E
CVE-2017-2341,E
CVE-2017-2342,E
CVE-2017-2343,E
CVE-2017-2346,E
CVE-2017-2680,E
CVE-2017-2681,E
CVE-2017-2690,E
CVE-2017-2691,M
CVE-2017-2692,M
CVE-2017-2693,M
CVE-2017-2695,M
CVE-2017-2696,M
CVE-2017-2697,M
CVE-2017-2698,M
CVE-2017-2699,M
CVE-2017-2700,E
CVE-2017-2701,M
CVE-2017-2702,M
CVE-2017-2703,M
CVE-2017-2704,M
CVE-2017-2705,M
CVE-2017-2706,M
CVE-2017-2707,M
CVE-2017-2708,M
CVE-2017-2710,M
CVE-2017-2711,M
CVE-2017-2712,E
CVE-2017-2713,M
CVE-2017-2716,M
CVE-2017-2717,M
CVE-2017-2721,M
CVE-2017-2722,H
CVE-2017-2724,M
CVE-2017-2725,M
CVE-2017-2726,M
CVE-2017-2727,M
CVE-2017-2728,M
CVE-2017-2729,M
CVE-2017-2731,M
CVE-2017-2733,M
CVE-2017-2734,M
CVE-2017-2735,M
CVE-2017-2736,E
CVE-2017-2737,E
CVE-2017-2738,E
CVE-2017-2805,H
CVE-2017-2827,H
CVE-2017-2828,H
CVE-2017-2829,H
CVE-2017-2830,H
CVE-2017-2831,H
CVE-2017-2841,H
CVE-2017-2842,H
CVE-2017-2843,H
CVE-2017-2844,H
CVE-2017-2845,H
CVE-2017-2846,H
CVE-2017-2847,H
CVE-2017-2848,H
CVE-2017-2849,H
CVE-2017-2850,H
CVE-2017-2851,H
CVE-2017-2864,H
CVE-2017-2865,H
CVE-2017-2866,H
CVE-2017-2881,H
CVE-2017-2882,H
CVE-2017-2883,H
CVE-2017-2884,H
CVE-2017-2889,H
CVE-2017-2890,H
CVE-2017-2898,H
CVE-2017-2911,H
CVE-2017-2912,H
CVE-2017-2913,H
CVE-2017-2914,H
CVE-2017-2915,H
CVE-2017-2916,H
CVE-2017-2917,H
CVE-2017-3191,H
CVE-2017-3192,H
CVE-2017-3193,H
CVE-2017-3216,H
CVE-2017-3741,P
CVE-2017-3744,E
CVE-2017-3748,M
CVE-2017-3749,M
CVE-2017-3750,M
CVE-2017-3752,E
CVE-2017-3753,P
CVE-2017-3754,P
CVE-2017-3756,P
CVE-2017-3767,P
CVE-2017-3771,P
CVE-2017-3792,E
CVE-2017-3804,E
CVE-2017-3812,S
CVE-2017-3824,E
CVE-2017-3826,E
CVE-2017-3831,E
CVE-2017-3832,E
CVE-2017-3834,E
CVE-2017-3854,E
CVE-2017-3859,E
CVE-2017-3867,E
CVE-2017-3873,E
CVE-2017-3875,E
CVE-2017-3878,E
CVE-2017-3879,E
CVE-2017-3882,E
CVE-2017-3883,E
CVE-2017-4984,E
CVE-2017-4985,E
CVE-2017-4987,E
CVE-2017-5135,H
CVE-2017-5136,E
CVE-2017-5137,E
CVE-2017-5139,S
CVE-2017-5140,S
CVE-2017-5141,S
CVE-2017-5142,S
CVE-2017-5143,S
CVE-2017-5144,S
CVE-2017-5145,S
CVE-2017-5146,S
CVE-2017-5149,S
CVE-2017-5157,H
CVE-2017-5162,S
CVE-2017-5163,S
CVE-2017-5164,S
CVE-2017-5165,S
CVE-2017-5166,S
CVE-2017-5167,S
CVE-2017-5173,S
CVE-2017-5174,S
CVE-2017-5176,S
CVE-2017-5177,S
CVE-2017-5237,S
CVE-2017-5238,S
CVE-2017-5239,S
CVE-2017-5254,E
CVE-2017-5255,E
CVE-2017-5256,E
CVE-2017-5257,E
CVE-2017-5258,E
CVE-2017-5259,E
CVE-2017-5260,E
CVE-2017-5261,E
CVE-2017-5262,E
CVE-2017-5263,E
CVE-2017-5521,E
CVE-2017-5544,H
CVE-2017-5554,M
CVE-2017-5622,M
CVE-2017-5623,M
CVE-2017-5624,M
CVE-2017-5625,M
CVE-2017-5626,M
CVE-2017-5632,H
CVE-2017-5633,H
CVE-2017-5671,S
CVE-2017-5684,P
CVE-2017-5685,P
CVE-2017-5686,P
CVE-2017-5691,P
CVE-2017-5694,P
CVE-2017-5695,P
CVE-2017-5699,P
CVE-2017-5700,P
CVE-2017-5701,P
CVE-2017-5715,C
CVE-2017-5721,P
CVE-2017-5722,P
CVE-2017-5729,C
CVE-2017-5753,C
CVE-2017-5754,C
CVE-2017-5859,E
CVE-2017-5874,H
CVE-2017-5891,H
CVE-2017-5892,H
CVE-2017-5900,H
CVE-2017-5925,C
CVE-2017-5926,C
CVE-2017-5927,C
CVE-2017-5948,M
CVE-2017-6017,S
CVE-2017-6018,P
CVE-2017-6019,S
CVE-2017-6023,S
CVE-2017-6024,S
CVE-2017-6026,S
CVE-2017-6028,S
CVE-2017-6030,S
CVE-2017-6032,S
CVE-2017-6034,S
CVE-2017-6036,S
CVE-2017-6038,S
CVE-2017-6039,S
CVE-2017-6040,S
CVE-2017-6041,S
CVE-2017-6042,S
CVE-2017-6044,S
CVE-2017-6046,S
CVE-2017-6077,H
CVE-2017-6079,E
CVE-2017-6127,H
CVE-2017-6140,E
CVE-2017-6165,E
CVE-2017-6180,H
CVE-2017-6190,H
CVE-2017-6205,H
CVE-2017-6206,H
CVE-2017-6223,E
CVE-2017-6224,E
CVE-2017-6273,C
CVE-2017-6315,E
CVE-2017-6334,H
CVE-2017-6341,S
CVE-2017-6342,S
CVE-2017-6343,S
CVE-2017-6351,E
CVE-2017-6366,H
CVE-2017-6411,H
CVE-2017-6432,S
CVE-2017-6444,E
CVE-2017-6520,H
CVE-2017-6530,H
CVE-2017-6531,H
CVE-2017-6532,H
CVE-2017-6547,H
CVE-2017-6548,H
CVE-2017-6549,H
CVE-2017-6552,H
CVE-2017-6558,H
CVE-2017-6564,S
CVE-2017-6565,S
CVE-2017-6603,E
CVE-2017-6620,H
CVE-2017-6630,E
CVE-2017-6631,E
CVE-2017-6633,E
CVE-2017-6634,S
CVE-2017-6649,E
CVE-2017-6650,E
CVE-2017-6690,E
CVE-2017-6720,H
CVE-2017-6729,E
CVE-2017-6784,H
CVE-2017-6795,E
CVE-2017-6862,E
CVE-2017-6872,E
CVE-2017-6873,E
CVE-2017-6884,H
CVE-2017-6896,H
CVE-2017-6956,C
CVE-2017-6957,C
CVE-2017-7219,E
CVE-2017-7240,H
CVE-2017-7253,S
CVE-2017-7278,H
CVE-2017-7315,H
CVE-2017-7316,H
CVE-2017-7317,H
CVE-2017-7318,E
CVE-2017-7398,H
CVE-2017-7404,H
CVE-2017-7405,H
CVE-2017-7406,H
CVE-2017-7450,H
CVE-2017-7461,S
CVE-2017-7462,S
CVE-2017-7574,S
CVE-2017-7575,S
CVE-2017-7576,E
CVE-2017-7588,H
CVE-2017-7648,H
CVE-2017-7689,S
CVE-2017-7726,H
CVE-2017-7728,H
CVE-2017-7729,H
CVE-2017-7730,H
CVE-2017-7851,H
CVE-2017-7852,H
CVE-2017-7898,S
CVE-2017-7899,S
CVE-2017-7901,S
CVE-2017-7902,S
CVE-2017-7903,S
CVE-2017-7905,S
CVE-2017-7909,S
CVE-2017-7913,S
CVE-2017-7914,S
CVE-2017-7915,S
CVE-2017-7916,S
CVE-2017-7917,S
CVE-2017-7918,E
CVE-2017-7919,S
CVE-2017-7920,S
CVE-2017-7921,S
CVE-2017-7922,E
CVE-2017-7923,S
CVE-2017-7924,S
CVE-2017-7925,S
CVE-2017-7927,S
CVE-2017-7928,S
CVE-2017-7932,C
CVE-2017-7935,S
CVE-2017-7936,C
CVE-2017-7937,S
CVE-2017-8074,H
CVE-2017-8075,H
CVE-2017-8076,H
CVE-2017-8077,H
CVE-2017-8078,H
CVE-2017-8083,H
CVE-2017-8116,H
CVE-2017-8140,M
CVE-2017-8141,M
CVE-2017-8142,M
CVE-2017-8143,M
CVE-2017-8144,M
CVE-2017-8145,M
CVE-2017-8146,M
CVE-2017-8147,M
CVE-2017-8148,M
CVE-2017-8149,M
CVE-2017-8150,M
CVE-2017-8151,M
CVE-2017-8152,M
CVE-2017-8155,H
CVE-2017-8156,H
CVE-2017-8157,H
CVE-2017-8159,M
CVE-2017-8160,M
CVE-2017-8161,M
CVE-2017-8162,H
CVE-2017-8163,H
CVE-2017-8166,M
CVE-2017-8167,E
CVE-2017-8169,M
CVE-2017-8170,M
CVE-2017-8171,M
CVE-2017-8172,M
CVE-2017-8173,M
CVE-2017-8174,H
CVE-2017-8178,M
CVE-2017-8179,M
CVE-2017-8180,M
CVE-2017-8181,M
CVE-2017-8182,M
CVE-2017-8183,M
CVE-2017-8184,M
CVE-2017-8185,S
CVE-2017-8199,E
CVE-2017-8200,E
CVE-2017-8201,E
CVE-2017-8202,M
CVE-2017-8203,M
CVE-2017-8204,M
CVE-2017-8205,M
CVE-2017-8206,M
CVE-2017-8207,M
CVE-2017-8208,M
CVE-2017-8209,M
CVE-2017-8210,M
CVE-2017-8211,M
CVE-2017-8212,M
CVE-2017-8213,E
CVE-2017-8214,M
CVE-2017-8215,M
CVE-2017-8216,M
CVE-2017-8217,H
CVE-2017-8218,H
CVE-2017-8219,H
CVE-2017-8220,H
CVE-2017-8221,H
CVE-2017-8222,H
CVE-2017-8223,H
CVE-2017-8224,H
CVE-2017-8225,H
CVE-2017-8360,P
CVE-2017-8403,S
CVE-2017-8770,H
CVE-2017-8771,H
CVE-2017-8772,H
CVE-2017-8835,E
CVE-2017-8836,E
CVE-2017-8837,E
CVE-2017-8838,E
CVE-2017-8839,E
CVE-2017-8840,E
CVE-2017-8841,E
CVE-2017-8850,M
CVE-2017-8851,M
CVE-2017-8860,S
CVE-2017-8861,S
CVE-2017-8862,S
CVE-2017-8863,S
CVE-2017-8864,S
CVE-2017-8865,H
CVE-2017-8866,H
CVE-2017-8867,H
CVE-2017-8877,H
CVE-2017-8878,H
CVE-2017-9025,H
CVE-2017-9026,H
CVE-2017-9100,H
CVE-2017-9138,H
CVE-2017-9139,H
CVE-2017-9243,H
CVE-2017-9314,S
CVE-2017-9316,S
CVE-2017-9377,H
CVE-2017-9417,C
CVE-2017-9457,P
CVE-2017-9466,H
CVE-2017-9476,H
CVE-2017-9477,H
CVE-2017-9478,H
CVE-2017-9479,H
CVE-2017-9480,H
CVE-2017-9481,H
CVE-2017-9482,H
CVE-2017-9483,H
CVE-2017-9484,H
CVE-2017-9485,H
CVE-2017-9486,H
CVE-2017-9487,H
CVE-2017-9488,H
CVE-2017-9489,H
CVE-2017-9490,H
CVE-2017-9491,H
CVE-2017-9492,H
CVE-2017-9493,H
CVE-2017-9494,H
CVE-2017-9495,H
CVE-2017-9496,H
CVE-2017-9497,H
CVE-2017-9498,H
CVE-2017-9521,H
CVE-2017-9522,H
CVE-2017-9542,H
CVE-2017-9628,S
CVE-2017-9630,S
CVE-2017-9632,S
CVE-2017-9633,C
CVE-2017-9645,S
CVE-2017-9647,C
CVE-2017-9649,S
CVE-2017-9675,H
CVE-2017-9828,H
CVE-2017-9829,H
CVE-2017-9852,H
CVE-2017-9853,H
CVE-2017-9854,H
CVE-2017-9855,H
CVE-2017-9856,H
CVE-2017-9857,H
CVE-2017-9858,H
CVE-2017-9859,H
CVE-2017-9860,H
CVE-2017-9861,H
CVE-2017-9863,H
CVE-2017-9864,H
CVE-2017-9930,H
CVE-2017-9931,H
CVE-2017-9932,H
CVE-2017-9944,S
CVE-2017-9945,S
CVE-2017-9946,S
CVE-2017-9947,S
CVE-2017-9980,H
CVE-2018-0002,E
CVE-2018-0005,E
CVE-2018-0008,E
CVE-2018-0009,E
CVE-2018-0016,E
CVE-2018-0018,E
CVE-2018-0020,E
CVE-2018-0024,E
CVE-2018-0025,E
CVE-2018-0034,E
CVE-2018-0035,E
CVE-2018-0043,E
CVE-2018-0044,E
CVE-2018-0045,E
CVE-2018-0053,E
CVE-2018-0054,E
CVE-2018-0088,S
CVE-2018-0092,E
CVE-2018-0098,E
CVE-2018-0099,E
CVE-2018-0115,E
CVE-2018-0117,E
CVE-2018-0122,E
CVE-2018-0125,H
CVE-2018-0127,H
CVE-2018-0136,E
CVE-2018-0140,E
CVE-2018-0150,E
CVE-2018-0155,E
CVE-2018-0156,E
CVE-2018-0158,CVE-2018-0158 CWE-20 cisco ios asr_1001-hx asr_1001-x asr_1002-hx asr_1002-x asr_1004 asr_1006 asr_1006-x asr_1009-x asr_1013
CVE-2018-0159,CVE-2018-0159 CWE-20 cisco ios asr_901-12c-f-d asr_901-12c-ft-d asr_901-4c-f-d asr_901-4c-ft-d asr_901-6cz-f-a asr_901-6cz-f-d asr_901-6cz-ft-a asr_901-6cz-ft-d me_3600x-24cx-m me_3600x-24fs-m me_3600x-24ts-m me_3800x-24fs-m
CVE-2018-0160,CVE-2018-0160 CWE-415 cisco ios_xe asr_901-12c-f-d asr_901-12c-ft-d asr_901-4c-f-d asr_901-4c-ft-d asr_901-6cz-f-a asr_901-6cz-f-d asr_901-6cz-fs-a asr_901-6cz-fs-d asr_901-6cz-ft-a asr_901-6cz-ft-d asr_901s-2sg-f-ah asr_901s-2sg-f-d asr_901s-3sg-f-ah asr_901s-3sg-f-d asr_901s-4sg-f-d me_3600x-24cx-m me_3600x-24fs-m me_3600x-24ts-m me_3800x-24fs-m
CVE-2018-0161,CVE-2018-0161 CWE-399 cisco ios catalyst_2960l-16ps-ll catalyst_2960l-16ts-ll catalyst_2960l-24pq-ll catalyst_2960l-24ps-ll catalyst_2960l-24tq-ll catalyst_2960l-24ts-ll catalyst_2960l-48pq-ll catalyst_2960l-48ps-ll catalyst_2960l-48tq-ll catalyst_2960l-48ts-ll catalyst_2960l-8ps-ll catalyst_2960l-8ts-ll catalyst_digital_building_series_switches-8p catalyst_digital_building_series_switches-8u
CVE-2018-0163,E
CVE-2018-0165,E
CVE-2018-0167,CVE-2018-0167 CWE-119 cisco ios ios_xe ios_xr asr_9001 asr_9006 asr_9010 asr_9904 asr_9906 asr_9910 asr_9912 asr_9922
CVE-2018-0173,E
CVE-2018-0174,CVE-2018-0174 CWE-20 cisco ios ios_xe 7600_series_route_switch_processor_720 7600_series_supervisor_engine_32 7600_series_supervisor_engine_720
CVE-2018-0177,CVE-2018-0177 CWE-19 st_3850-24xu-e cisco catalyst_3850-24xu-l catalyst_3850-24xu-s catalyst_3850-32xs-e catalyst_3850-32xs-s catalyst_3850-48f-e catalyst_3850-48f-l catalyst_3850-48f-s catalyst_3850-48p-e catalyst_3850-48p-l catalyst_3850-48p-s catalyst_3850-48t-e catalyst_3850-48t-l catalyst_3850-48t-s catalyst_3850-48u-e catalyst_3850-48u-l catalyst_3850-48u-s catalyst_3850-48xs-e catalyst_3850-48xs-f-e catalyst_3850-48xs-f-s catalyst_3850-48xs-s catalyst_c3850-12x48u-e catalyst_c3850-12x48u-l catalyst_c3850-12x48u-s cloud_services_router_1000v ios_xe 4321_integrated_services_router 4331_integrated_services_router 4351_integrated_services_router 4431_integrated_services_router 4451-x_integrated_services_router asr_1000_series_route_processor_%28rp2%29 asr_1000_series_route_processor_%28rp3%29 asr_1001-hx_router asr_1001-x_router asr_1002-hx_router asr_1002-x_router catalyst_3650-12x48fd-e catalyst_3650-12x48fd-l catalyst_3650-12x48fd-s catalyst_3650-12x48uq-e catalyst_3650-12x48uq-l catalyst_3650-12x48uq-s catalyst_3650-12x48ur-e catalyst_3650-12x48ur-l catalyst_3650-12x48ur-s catalyst_3650-12x48uz-e catalyst_3650-24pd-e catalyst_3650-24pd-l catalyst_3650-24pd-s catalyst_3650-24pdm-e catalyst_3650-24pdm-l catalyst_3650-24pdm-s catalyst_3650-24ps-e catalyst_3650-24ps-l catalyst_3650-24ps-s catalyst_3650-24td-e catalyst_3650-24td-l catalyst_3650-24td-s catalyst_3650-24ts-e catalyst_3650-24ts-l catalyst_3650-24ts-s catalyst_3650-48fd-e catalyst_3650-48fd-l catalyst_3650-48fd-s catalyst_3650-48fq-e catalyst_3650-48fq-l catalyst_3650-48fq-s catalyst_3650-48fqm-e catalyst_3650-48fqm-l catalyst_3650-48fqm-s catalyst_3650-48fs-e catalyst_3650-48fs-l catalyst_3650-48fs-s catalyst_3650-48pd-e catalyst_3650-48pd-l catalyst_3650-48pd-s catalyst_3650-48pq-e catalyst_3650-48pq-l catalyst_3650-48pq-s catalyst_3650-48ps-e catalyst_3650-48ps-l catalyst_3650-48ps-s catalyst_3650-48td-e catalyst_3650-48td-l catalyst_3650-48td-s catalyst_3650-48tq-e catalyst_3650-48tq-l catalyst_3650-48tq-s catalyst_3650-48ts-e catalyst_3650-48ts-l catalyst_3650-48ts-s catalyst_3650-8x24pd-e catalyst_3650-8x24pd-l catalyst_3650-8x24pd-s catalyst_3650-8x24uq-e catalyst_3650-8x24uq-l catalyst_3650-8x24uq-s catalyst_3850-12s-e catalyst_3850-12s-s catalyst_3850-12xs-e catalyst_3850-12xs-s catalyst_3850-16xs-e catalyst_3850-16xs-s catalyst_3850-24p-e catalyst_3850-24p-l catalyst_3850-24p-s catalyst_3850-24s-e catalyst_3850-24s-s catalyst_3850-24t-e catalyst_3850-24t-l catalyst_3850-24t-s catalyst_3850-24u-e catalyst_3850-24u-l catalyst_3850-24u-s catalyst_3850-24xs-e catalyst_3850-24xs-s catalyst_3850-24xu-e cisco catalyst_3850-24xu-l catalyst_3850-24xu-s catalyst_3850-32xs-e catalyst_3850-32xs-s catalyst_3850-48f-e catalyst_3850-48f-l catalyst_3850-48f-s catalyst_3850-48p-e catalyst_3850-48p-l catalyst_3850-48p-s catalyst_3850-48t-e catalyst_3850-48t-l catalyst_3850-48t-s catalyst_3850-48u-e catalyst_3850-48u-l catalyst_3850-48u-s catalyst_3850-48xs-e catalyst_3850-48xs-f-e catalyst_3850-48xs-f-s catalyst_3850-48xs-s catalyst_c3850-12x48u-e catalyst_c3850-12x48u-l catalyst_c3850-12x48u-s cloud_services_router_1000v
CVE-2018-0179,E
CVE-2018-0180,E
CVE-2018-0209,CVE-2018-0209 CWE-20 cisco small_business_500_series_stackable_managed_switches_firmware sf500-24 sf500-24mp sf500-24p sf500-48 sf500-48mp sf500-48p sg500-28 sg500-28mpp sg500-28p sg500-52 sg500-52mp sg500-52p sg500x-24 sg500x-24mpp sg500x-24p sg500x-48 sg500x-48mp sg500x-48p sg500xg-8f8t
CVE-2018-0217,E
CVE-2018-0224,E
CVE-2018-0239,E
CVE-2018-0240,E
CVE-2018-0241,E
CVE-2018-0242,E
CVE-2018-0254,E
CVE-2018-0273,E
CVE-2018-0275,E
CVE-2018-0282,E
CVE-2018-0284,E
CVE-2018-0291,E
CVE-2018-0292,E
CVE-2018-0293,E
CVE-2018-0294,E
CVE-2018-0295,E
CVE-2018-0298,E
CVE-2018-0299,E
CVE-2018-0300,E
CVE-2018-0301,E
CVE-2018-0302,E
CVE-2018-0303,E
CVE-2018-0304,E
CVE-2018-0305,E
CVE-2018-0306,E
CVE-2018-0307,E
CVE-2018-0308,E
CVE-2018-0309,E
CVE-2018-0310,E
CVE-2018-0311,E
CVE-2018-0312,E
CVE-2018-0313,E
CVE-2018-0314,E
CVE-2018-0315,E
CVE-2018-0316,E
CVE-2018-0325,E
CVE-2018-0326,E
CVE-2018-0327,E
CVE-2018-0330,E
CVE-2018-0331,E
CVE-2018-0332,E
CVE-2018-0337,E
CVE-2018-0341,E
CVE-2018-0362,E
CVE-2018-0369,E
CVE-2018-0372,E
CVE-2018-0378,E
CVE-2018-0389,E
CVE-2018-0392,E
CVE-2018-0393,E
CVE-2018-0395,E
CVE-2018-0404,E
CVE-2018-0405,E
CVE-2018-0407,E
CVE-2018-0408,E
CVE-2018-0412,E
CVE-2018-0415,E
CVE-2018-0418,E
CVE-2018-0423,E
CVE-2018-0424,E
CVE-2018-0425,E
CVE-2018-0426,E
CVE-2018-0428,E
CVE-2018-0432,E
CVE-2018-0433,E
CVE-2018-0434,E
CVE-2018-0454,E
CVE-2018-0461,E
CVE-2018-0465,E
CVE-2018-0512,H
CVE-2018-0519,H
CVE-2018-0520,H
CVE-2018-0521,H
CVE-2018-0522,H
CVE-2018-0523,H
CVE-2018-0554,H
CVE-2018-0555,H
CVE-2018-0556,H
CVE-2018-0581,H
CVE-2018-0582,H
CVE-2018-0583,H
CVE-2018-0613,E
CVE-2018-0614,E
CVE-2018-0629,H
CVE-2018-0630,H
CVE-2018-0631,H
CVE-2018-0632,H
CVE-2018-0633,H
CVE-2018-0634,H
CVE-2018-0635,H
CVE-2018-0636,H
CVE-2018-0637,H
CVE-2018-0638,H
CVE-2018-0639,H
CVE-2018-0640,H
CVE-2018-0641,H
CVE-2018-0647,H
CVE-2018-0651,S
CVE-2018-0661,H
CVE-2018-0662,H
CVE-2018-0663,H
CVE-2018-0665,H
CVE-2018-0666,H
CVE-2018-0676,H
CVE-2018-0677,H
CVE-2018-0678,H
CVE-2018-0679,E
CVE-2018-0688,H
CVE-2018-0689,H
CVE-2018-10024,E
CVE-2018-10070,E
CVE-2018-10080,S
CVE-2018-10091,E
CVE-2018-10093,E
CVE-2018-10106,H
CVE-2018-10107,H
CVE-2018-10108,H
CVE-2018-10110,H
CVE-2018-10123,H
CVE-2018-10251,H
CVE-2018-10252,H
CVE-2018-10328,H
CVE-2018-10369,H
CVE-2018-10383,C
CVE-2018-10431,H
CVE-2018-10532,M
CVE-2018-10544,H
CVE-2018-10561,H
CVE-2018-10562,H
CVE-2018-10569,H
CVE-2018-10575,E
CVE-2018-10576,E
CVE-2018-10577,E
CVE-2018-10578,E
CVE-2018-10592,S
CVE-2018-10593,S
CVE-2018-10594,S
CVE-2018-10595,S
CVE-2018-10596,S
CVE-2018-10597,S
CVE-2018-10599,S
CVE-2018-10601,S
CVE-2018-10603,S
CVE-2018-10605,S
CVE-2018-10607,S
CVE-2018-10609,S
CVE-2018-10618,H
CVE-2018-10622,S
CVE-2018-10626,S
CVE-2018-10627,S
CVE-2018-10630,S
CVE-2018-10631,S
CVE-2018-10632,S
CVE-2018-10633,S
CVE-2018-10634,S
CVE-2018-10635,S
CVE-2018-10641,H
CVE-2018-10658,S
CVE-2018-10659,S
CVE-2018-10660,S
CVE-2018-10661,S
CVE-2018-10662,S
CVE-2018-10663,S
CVE-2018-10664,S
CVE-2018-10676,A
CVE-2018-10713,H
CVE-2018-10728,S
CVE-2018-10729,S
CVE-2018-10730,S
CVE-2018-10731,S
CVE-2018-10734,H
CVE-2018-10746,H
CVE-2018-10747,H
CVE-2018-10748,H
CVE-2018-10749,H
CVE-2018-10750,H
CVE-2018-10770,A
CVE-2018-10822,H
CVE-2018-10823,H
CVE-2018-10824,H
CVE-2018-10825,H
CVE-2018-10943,H
CVE-2018-10957,H
CVE-2018-10967,H
CVE-2018-10968,H
CVE-2018-10987,H
CVE-2018-10988,H
CVE-2018-10989,H
CVE-2018-10990,H
CVE-2018-10996,H
CVE-2018-11013,H
CVE-2018-11019,M
CVE-2018-11020,M
CVE-2018-11021,M
CVE-2018-11022,M
CVE-2018-11023,M
CVE-2018-11024,M
CVE-2018-11025,M
CVE-2018-11027,E
CVE-2018-11036,E
CVE-2018-11094,H
CVE-2018-11220,C
CVE-2018-11228,C
CVE-2018-11229,C
CVE-2018-11240,H
CVE-2018-11241,H
CVE-2018-11257,C
CVE-2018-11258,C
CVE-2018-11259,C
CVE-2018-11264,C
CVE-2018-11267,C
CVE-2018-11268,C
CVE-2018-11269,C
CVE-2018-11271,C
CVE-2018-11277,C
CVE-2018-11279,C
CVE-2018-11284,C
CVE-2018-11285,C
CVE-2018-11287,C
CVE-2018-11288,C
CVE-2018-11289,C
CVE-2018-11290,C
CVE-2018-11291,C
CVE-2018-11292,C
CVE-2018-11305,C
CVE-2018-11314,A
CVE-2018-11315,S
CVE-2018-11316,H
CVE-2018-11340,E
CVE-2018-11341,E
CVE-2018-11342,E
CVE-2018-11344,E
CVE-2018-11345,E
CVE-2018-11346,E
CVE-2018-11399,H
CVE-2018-11400,H
CVE-2018-11401,H
CVE-2018-11402,H
CVE-2018-1143,H
CVE-2018-1144,H
CVE-2018-11447,S
CVE-2018-11448,S
CVE-2018-11449,S
CVE-2018-1145,H
CVE-2018-11451,S
CVE-2018-11452,S
CVE-2018-11457,S
CVE-2018-11458,S
CVE-2018-11459,S
CVE-2018-1146,H
CVE-2018-11460,S
CVE-2018-11461,S
CVE-2018-11462,S
CVE-2018-11463,S
CVE-2018-11464,S
CVE-2018-11465,S
CVE-2018-11466,S
CVE-2018-11476,S
CVE-2018-11477,S
CVE-2018-11478,S
CVE-2018-11481,H
CVE-2018-11482,H
CVE-2018-1149,H
CVE-2018-11491,H
CVE-2018-11492,H
CVE-2018-1150,H
CVE-2018-1151,H
CVE-2018-11518,A
CVE-2018-11523,H
CVE-2018-11541,E
CVE-2018-11542,E
CVE-2018-11543,E
CVE-2018-11560,H
CVE-2018-11567,H
CVE-2018-11581,A
CVE-2018-11629,S
CVE-2018-11631,M
CVE-2018-1164,H
CVE-2018-11653,H
CVE-2018-11654,H
CVE-2018-1168,S
CVE-2018-11681,S
CVE-2018-11682,S
CVE-2018-11691,S
CVE-2018-11692,H
CVE-2018-11711,A
CVE-2018-11714,H
CVE-2018-11718,H
CVE-2018-11719,H
CVE-2018-11720,H
CVE-2018-11741,E
CVE-2018-11742,E
CVE-2018-11820,C
CVE-2018-11821,C
CVE-2018-11822,C
CVE-2018-11824,C
CVE-2018-11828,C
CVE-2018-11830,C
CVE-2018-11845,C
CVE-2018-11846,C
CVE-2018-11847,C
CVE-2018-11849,C
CVE-2018-11850,C
CVE-2018-11853,C
CVE-2018-11854,C
CVE-2018-11855,C
CVE-2018-11856,C
CVE-2018-11857,C
CVE-2018-11858,C
CVE-2018-11859,C
CVE-2018-11861,C
CVE-2018-11862,C
CVE-2018-11864,C
CVE-2018-11865,C
CVE-2018-11866,C
CVE-2018-11867,C
CVE-2018-11870,C
CVE-2018-11871,C
CVE-2018-11872,C
CVE-2018-11873,C
CVE-2018-11874,C
CVE-2018-11875,C
CVE-2018-11876,C
CVE-2018-11877,C
CVE-2018-11879,C
CVE-2018-11880,C
CVE-2018-11882,C
CVE-2018-11884,C
CVE-2018-11888,C
CVE-2018-11899,C
CVE-2018-11921,C
CVE-2018-11923,C
CVE-2018-11924,C
CVE-2018-11925,C
CVE-2018-11927,C
CVE-2018-11928,C
CVE-2018-11930,C
CVE-2018-11931,C
CVE-2018-11932,C
CVE-2018-11935,C
CVE-2018-11936,C
CVE-2018-11937,C
CVE-2018-11938,C
CVE-2018-11940,C
CVE-2018-11945,C
CVE-2018-11948,C
CVE-2018-11949,C
CVE-2018-11950,C
CVE-2018-11951,C
CVE-2018-11953,C
CVE-2018-11958,C
CVE-2018-11966,C
CVE-2018-11967,C
CVE-2018-11968,C
CVE-2018-11970,C
CVE-2018-11971,C
CVE-2018-11976,C
CVE-2018-11982,C
CVE-2018-11993,C
CVE-2018-11994,C
CVE-2018-11996,C
CVE-2018-11998,C
CVE-2018-11999,C
CVE-2018-12004,C
CVE-2018-12005,C
CVE-2018-12012,C
CVE-2018-12013,C
CVE-2018-12037,C
CVE-2018-12038,C
CVE-2018-12041,C
CVE-2018-12048,C
CVE-2018-12049,C
CVE-2018-12072,A
CVE-2018-12103,H
CVE-2018-12126,C
CVE-2018-12127,C
CVE-2018-12130,C
CVE-2018-12166,C
CVE-2018-12167,C
CVE-2018-12169,C
CVE-2018-12171,P
CVE-2018-12172,P
CVE-2018-12173,P
CVE-2018-12176,P
CVE-2018-12177,C
CVE-2018-12201,C
CVE-2018-12202,C
CVE-2018-12203,C
CVE-2018-12204,CVE-2018-12204 CWE-264 intel platform_sample_firmware bbs2600bpb bbs2600bpq bbs2600bps bbs2600stb bbs2600stq bbs7200ap bbs7200apl dbs2600cw2r dbs2600cw2sr dbs2600cwtr dbs2600cwtsr hns2600bpb hns2600bpb24 hns2600bpblc hns2600bpblc24 hns2600bpq hns2600bpq24 hns2600bps hns2600bps24 hns2600kpfr hns2600kpr hns2600tp24r hns2600tp24sr hns2600tp24str hns2600tpfr hns2600tpnr hns2600tpr hns7200ap hns7200apl hns7200apr hns7200aprl r1208wftys r1208wt2gsr r1208wttgsr r1304wf0ys r1304wftys r1304wt2gsr r1304wttgsr r2208wf0zs r2208wfqzs r2208wftzs r2208wt2ysr r2208wttyc1r r2208wttysr r2224wfqzs r2224wftzs r2224wttysr r2308wftzs r2308wttysr r2312wf0np r2312wfqzs r2312wftzs r2312wttysr s2600kptr s2600tptr s2600wfo s2600wfq s2600wft s2600wt2r s2600wttr s2600wtts1r
CVE-2018-12205,CVE-2018-12205 CWE-264 intel platform_sample_firmware core_i3 core_i5 core_i7
CVE-2018-12257,H
CVE-2018-12258,H
CVE-2018-12259,H
CVE-2018-12260,H
CVE-2018-12261,H
CVE-2018-12306,H
CVE-2018-12307,H
CVE-2018-12308,H
CVE-2018-12309,H
CVE-2018-12310,H
CVE-2018-12311,H
CVE-2018-12312,H
CVE-2018-12313,H
CVE-2018-12314,H
CVE-2018-12315,H
CVE-2018-12316,H
CVE-2018-12317,H
CVE-2018-12318,H
CVE-2018-12319,H
CVE-2018-12323,H
CVE-2018-12329,E
CVE-2018-12330,E
CVE-2018-12332,E
CVE-2018-12333,E
CVE-2018-12334,E
CVE-2018-12336,E
CVE-2018-12337,E
CVE-2018-12455,H
CVE-2018-12456,H
CVE-2018-12499,H
CVE-2018-1250,E
CVE-2018-1251,E
CVE-2018-12526,H
CVE-2018-12528,H
CVE-2018-12529,H
CVE-2018-12574,H
CVE-2018-12575,H
CVE-2018-12576,H
CVE-2018-12577,H
CVE-2018-12590,E
CVE-2018-12591,E
CVE-2018-12594,S
CVE-2018-12640,E
CVE-2018-12666,S
CVE-2018-12667,S
CVE-2018-12668,S
CVE-2018-12669,S
CVE-2018-12670,S
CVE-2018-12671,S
CVE-2018-12672,S
CVE-2018-12673,S
CVE-2018-12674,S
CVE-2018-12675,S
CVE-2018-12692,H
CVE-2018-12693,H
CVE-2018-12694,H
CVE-2018-12705,H
CVE-2018-12706,H
CVE-2018-12710,H
CVE-2018-12716,C
CVE-2018-12901,E
CVE-2018-12920,S
CVE-2018-12921,S
CVE-2018-12922,S
CVE-2018-12924,E
CVE-2018-12925,S
CVE-2018-12926,S
CVE-2018-12927,S
CVE-2018-12979,S
CVE-2018-12980,S
CVE-2018-12981,S
CVE-2018-13022,M
CVE-2018-13023,M
CVE-2018-13032,E
CVE-2018-13108,H
CVE-2018-13109,H
CVE-2018-13110,H
CVE-2018-13111,S
CVE-2018-13114,S
CVE-2018-13115,S
CVE-2018-13134,H
CVE-2018-13306,H
CVE-2018-13307,H
CVE-2018-13308,H
CVE-2018-13309,H
CVE-2018-13310,H
CVE-2018-13311,H
CVE-2018-13312,H
CVE-2018-13314,H
CVE-2018-13315,H
CVE-2018-13316,H
CVE-2018-13317,H
CVE-2018-13318,E
CVE-2018-13319,E
CVE-2018-13320,E
CVE-2018-13321,E
CVE-2018-13322,E
CVE-2018-13323,E
CVE-2018-13324,E
CVE-2018-13341,S
CVE-2018-13787,P
CVE-2018-13798,S
CVE-2018-13800,S
CVE-2018-13801,S
CVE-2018-13802,S
CVE-2018-13805,S
CVE-2018-13807,S
CVE-2018-13808,S
CVE-2018-13809,S
CVE-2018-13810,S
CVE-2018-13812,S
CVE-2018-13813,S
CVE-2018-13814,S
CVE-2018-13815,S
CVE-2018-13816,S
CVE-2018-13858,S
CVE-2018-13859,S
CVE-2018-13860,S
CVE-2018-13861,S
CVE-2018-13862,S
CVE-2018-13885,C
CVE-2018-13886,C
CVE-2018-13887,C
CVE-2018-13888,C
CVE-2018-13895,C
CVE-2018-13899,C
CVE-2018-13900,C
CVE-2018-13904,C
CVE-2018-13905,C
CVE-2018-13912,C
CVE-2018-13913,C
CVE-2018-13914,C
CVE-2018-13918,C
CVE-2018-13920,C
CVE-2018-13925,C
CVE-2018-13989,H
CVE-2018-13990,S
CVE-2018-13991,S
CVE-2018-13992,S
CVE-2018-13993,S
CVE-2018-13994,S
CVE-2018-14010,M
CVE-2018-14060,M
CVE-2018-14064,H
CVE-2018-14066,CVE-2018-14066 CWE-89 google infinixmobility android infinix_x571
CVE-2018-14079,E
CVE-2018-14080,H
CVE-2018-14081,H
CVE-2018-14083,E
CVE-2018-14318,M
CVE-2018-14327,H
CVE-2018-1433,E
CVE-2018-14336,H
CVE-2018-1434,E
CVE-2018-1438,E
CVE-2018-14492,H
CVE-2018-14497,H
CVE-2018-14533,H
CVE-2018-14557,H
CVE-2018-14558,H
CVE-2018-14559,H
CVE-2018-1461,E
CVE-2018-1462,E
CVE-2018-1463,E
CVE-2018-1464,E
CVE-2018-1465,E
CVE-2018-1466,E
CVE-2018-14695,A
CVE-2018-14696,A
CVE-2018-14697,A
CVE-2018-14698,A
CVE-2018-14699,A
CVE-2018-14700,A
CVE-2018-14701,A
CVE-2018-14702,A
CVE-2018-14703,A
CVE-2018-14704,A
CVE-2018-14706,A
CVE-2018-14707,A
CVE-2018-14708,A
CVE-2018-14709,A
CVE-2018-14710,H
CVE-2018-14711,H
CVE-2018-14712,H
CVE-2018-14713,H
CVE-2018-14714,H
CVE-2018-14745,M
CVE-2018-14768,S
CVE-2018-14769,S
CVE-2018-14770,S
CVE-2018-14771,S
CVE-2018-14781,S
CVE-2018-14782,S
CVE-2018-14783,S
CVE-2018-14784,S
CVE-2018-14785,S
CVE-2018-14786,S
CVE-2018-14788,S
CVE-2018-14790,S
CVE-2018-14794,S
CVE-2018-14796,S
CVE-2018-14798,S
CVE-2018-14799,S
CVE-2018-14801,S
CVE-2018-14802,S
CVE-2018-14803,S
CVE-2018-14809,S
CVE-2018-14811,S
CVE-2018-14813,S
CVE-2018-14815,S
CVE-2018-14817,S
CVE-2018-14819,S
CVE-2018-14822,S
CVE-2018-14823,S
CVE-2018-14825,M
CVE-2018-14826,CVE-2018-14826 CWE-20 entes emg-12_firmware S
CVE-2018-14839,H
CVE-2018-14852,M
CVE-2018-14853,M
CVE-2018-14854,M
CVE-2018-14855,M
CVE-2018-14856,M
CVE-2018-14892,H
CVE-2018-14893,H
CVE-2018-14899,A
CVE-2018-14900,A
CVE-2018-14903,A
CVE-2018-14933,A
CVE-2018-14934,E
CVE-2018-14935,E
CVE-2018-14941,E
CVE-2018-14942,E
CVE-2018-14943,E
CVE-2018-1495,E
CVE-2018-14979,M
CVE-2018-14980,M
CVE-2018-14981,M
CVE-2018-14982,M
CVE-2018-14983,M
CVE-2018-14984,M
CVE-2018-14985,M
CVE-2018-14986,M
CVE-2018-14987,H
CVE-2018-14988,H
CVE-2018-14989,M
CVE-2018-14990,M
CVE-2018-14991,M
CVE-2018-14992,M
CVE-2018-14993,M
CVE-2018-14994,M
CVE-2018-14995,M
CVE-2018-14996,M
CVE-2018-14997,M
CVE-2018-14998,M
CVE-2018-14999,M
CVE-2018-15000,M
CVE-2018-15001,M
CVE-2018-15002,M
CVE-2018-15003,M
CVE-2018-15004,M
CVE-2018-15005,M
CVE-2018-15006,M
CVE-2018-15007,M
CVE-2018-15123,H
CVE-2018-15124,H
CVE-2018-15125,H
CVE-2018-15137,H
CVE-2018-15172,H
CVE-2018-15181,M
CVE-2018-15350,E
CVE-2018-15351,E
CVE-2018-15352,E
CVE-2018-15353,E
CVE-2018-15354,E
CVE-2018-15355,E
CVE-2018-15356,E
CVE-2018-15357,E
CVE-2018-15358,E
CVE-2018-15359,E
CVE-2018-15360,E
CVE-2018-15388,E
CVE-2018-15400,E
CVE-2018-15427,E
CVE-2018-15428,E
CVE-2018-15434,E
CVE-2018-15476,H
CVE-2018-15477,H
CVE-2018-15478,H
CVE-2018-15479,H
CVE-2018-15480,H
CVE-2018-15481,E
CVE-2018-15482,M
CVE-2018-15483,S
CVE-2018-15484,S
CVE-2018-15485,S
CVE-2018-15486,S
CVE-2018-15497,E
CVE-2018-15498,A
CVE-2018-15530,A
CVE-2018-15533,A
CVE-2018-15534,A
CVE-2018-15553,H
CVE-2018-15602,H
CVE-2018-15700,H
CVE-2018-15701,H
CVE-2018-15702,H
CVE-2018-15716,A
CVE-2018-15720,H
CVE-2018-15721,H
CVE-2018-15722,H
CVE-2018-15723,H
CVE-2018-15748,A
CVE-2018-15839,H
CVE-2018-15840,H
CVE-2018-15852,H
CVE-2018-15874,H
CVE-2018-15875,H
CVE-2018-15884,A
CVE-2018-15887,H
CVE-2018-15907,H
CVE-2018-16059,S
CVE-2018-16089,P
CVE-2018-16090,P
CVE-2018-16091,P
CVE-2018-16092,P
CVE-2018-16094,P
CVE-2018-16095,P
CVE-2018-16096,P
CVE-2018-16130,H
CVE-2018-16158,E
CVE-2018-16184,A
CVE-2018-16185,A
CVE-2018-16186,A
CVE-2018-16187,A
CVE-2018-16188,A
CVE-2018-16192,C
CVE-2018-16193,C
CVE-2018-16194,C
CVE-2018-16195,C
CVE-2018-16196,S
CVE-2018-16197,H
CVE-2018-16198,H
CVE-2018-16199,H
CVE-2018-16200,H
CVE-2018-16201,H
CVE-2018-16210,S
CVE-2018-16216,E
CVE-2018-16217,E
CVE-2018-16218,E
CVE-2018-16219,E
CVE-2018-16220,E
CVE-2018-16221,E
CVE-2018-16224,H
CVE-2018-16225,H
CVE-2018-16242,H
CVE-2018-16282,S
CVE-2018-16307,M
CVE-2018-16310,H
CVE-2018-16333,H
CVE-2018-16334,H
CVE-2018-16408,H
CVE-2018-16555,S
CVE-2018-16556,S
CVE-2018-16557,S
CVE-2018-16558,S
CVE-2018-16559,S
CVE-2018-16561,S
CVE-2018-16563,S
CVE-2018-16590,M
CVE-2018-16591,M
CVE-2018-16596,H
CVE-2018-16605,H
CVE-2018-16656,A
CVE-2018-16668,S
CVE-2018-16672,S
CVE-2018-16705,M
CVE-2018-16709,A
CVE-2018-16752,H
CVE-2018-16806,S
CVE-2018-16946,S
CVE-2018-16950,CVE-2018-16950 CWE-20 inteno dg400_firmware H
CVE-2018-16986,C
CVE-2018-17001,A
CVE-2018-17002,A
CVE-2018-17004,H
CVE-2018-17005,H
CVE-2018-17006,H
CVE-2018-17007,H
CVE-2018-17008,H
CVE-2018-17009,H
CVE-2018-17010,H
CVE-2018-17011,H
CVE-2018-17012,H
CVE-2018-17013,H
CVE-2018-17014,H
CVE-2018-17015,H
CVE-2018-17016,H
CVE-2018-17017,H
CVE-2018-17018,H
CVE-2018-17020,H
CVE-2018-17021,H
CVE-2018-17022,H
CVE-2018-17023,H
CVE-2018-17063,H
CVE-2018-17064,H
CVE-2018-17065,H
CVE-2018-17066,H
CVE-2018-17067,H
CVE-2018-17068,H
CVE-2018-17127,H
CVE-2018-17153,H
CVE-2018-17172,A
CVE-2018-17176,H
CVE-2018-17177,H
CVE-2018-17178,H
CVE-2018-17208,H
CVE-2018-17309,A
CVE-2018-17310,A
CVE-2018-17311,A
CVE-2018-17312,A
CVE-2018-17313,A
CVE-2018-17314,A
CVE-2018-17315,A
CVE-2018-17316,A
CVE-2018-17337,H
CVE-2018-17532,E
CVE-2018-17533,E
CVE-2018-17534,E
CVE-2018-17555,H
CVE-2018-17563,E
CVE-2018-17564,E
CVE-2018-17565,E
CVE-2018-17587,H
CVE-2018-17588,H
CVE-2018-17589,H
CVE-2018-17590,H
CVE-2018-17591,H
CVE-2018-17593,H
CVE-2018-17594,H
CVE-2018-1775,E
CVE-2018-17777,H
CVE-2018-17786,H
CVE-2018-17787,H
CVE-2018-17867,H
CVE-2018-17868,H
CVE-2018-17869,H
CVE-2018-17873,M
CVE-2018-17880,H
CVE-2018-17881,H
CVE-2018-17896,S
CVE-2018-17898,S
CVE-2018-17900,S
CVE-2018-17902,S
CVE-2018-17903,S
CVE-2018-17918,S
CVE-2018-17921,S
CVE-2018-17922,S
CVE-2018-17923,S
CVE-2018-17924,S
CVE-2018-17926,S
CVE-2018-17928,S
CVE-2018-17931,S
CVE-2018-17933,S
CVE-2018-17935,S
CVE-2018-17944,A
CVE-2018-17969,A
CVE-2018-17989,H
CVE-2018-17990,H
CVE-2018-18004,S
CVE-2018-18005,S
CVE-2018-18007,H
CVE-2018-18008,H
CVE-2018-18009,H
CVE-2018-18068,P
CVE-2018-18070,S
CVE-2018-18202,C
CVE-2018-18203,S
CVE-2018-18205,E
CVE-2018-1822,E
CVE-2018-18244,S
CVE-2018-18287,H
CVE-2018-18291,H
CVE-2018-18318,M
CVE-2018-18319,H
CVE-2018-18320,H
CVE-2018-18375,H
CVE-2018-18376,H
CVE-2018-18377,H
CVE-2018-18428,H
CVE-2018-18439,H
CVE-2018-18440,H
CVE-2018-18441,H
CVE-2018-18442,H
CVE-2018-18473,S
CVE-2018-18489,H
CVE-2018-18535,H
CVE-2018-18536,H
CVE-2018-18537,H
CVE-2018-18561,S
CVE-2018-18562,S
CVE-2018-18563,S
CVE-2018-18564,S
CVE-2018-18565,S
CVE-2018-18567,E
CVE-2018-18600,H
CVE-2018-18601,H
CVE-2018-18602,H
CVE-2018-18636,H
CVE-2018-18638,H
CVE-2018-18698,M
CVE-2018-18706,H
CVE-2018-18707,H
CVE-2018-18708,H
CVE-2018-18709,H
CVE-2018-18727,H
CVE-2018-18728,H
CVE-2018-18729,H
CVE-2018-18730,H
CVE-2018-18731,H
CVE-2018-18732,H
CVE-2018-18754,H
CVE-2018-18871,E
CVE-2018-18881,S
CVE-2018-18882,S
CVE-2018-18959,A
CVE-2018-18960,A
CVE-2018-18984,S
CVE-2018-18995,S
CVE-2018-18997,S
CVE-2018-19007,S
CVE-2018-19008,S
CVE-2018-19010,S
CVE-2018-19012,S
CVE-2018-19014,S
CVE-2018-19023,S
CVE-2018-19036,S
CVE-2018-19037,H
CVE-2018-19063,H
CVE-2018-19064,H
CVE-2018-19065,H
CVE-2018-19066,H
CVE-2018-19067,H
CVE-2018-19068,H
CVE-2018-19069,H
CVE-2018-19070,H
CVE-2018-19071,H
CVE-2018-19072,H
CVE-2018-19073,H
CVE-2018-19074,H
CVE-2018-19075,H
CVE-2018-19076,H
CVE-2018-19077,H
CVE-2018-19078,H
CVE-2018-19079,H
CVE-2018-19080,H
CVE-2018-19081,H
CVE-2018-19082,H
CVE-2018-19232,A
CVE-2018-19239,H
CVE-2018-19240,H
CVE-2018-19241,H
CVE-2018-19242,H
CVE-2018-19248,A
CVE-2018-19282,S
CVE-2018-19300,H
CVE-2018-19326,CVE-2018-19326 CWE-22 zyxel vmg1312-b10d
CVE-2018-19391,S
CVE-2018-19392,S
CVE-2018-19393,S
CVE-2018-19394,S
CVE-2018-19442,H
CVE-2018-19524,H
CVE-2018-19525,E
CVE-2018-19528,H
CVE-2018-19537,H
CVE-2018-19589,E
CVE-2018-19612,H
CVE-2018-19613,H
CVE-2018-19614,H
CVE-2018-19615,S
CVE-2018-19616,S
CVE-2018-19659,S
CVE-2018-19660,S
CVE-2018-19694,S
CVE-2018-19783,H
CVE-2018-19879,S
CVE-2018-1992,E
CVE-2018-19922,H
CVE-2018-19926,E
CVE-2018-19927,E
CVE-2018-19939,M
CVE-2018-19977,E
CVE-2018-19978,E
CVE-2018-19980,H
CVE-2018-19982,H
CVE-2018-19983,C
CVE-2018-19986,H
CVE-2018-19987,H
CVE-2018-19988,H
CVE-2018-19989,H
CVE-2018-19990,H
CVE-2018-20007,H
CVE-2018-20008,H
CVE-2018-20050,H
CVE-2018-20051,H
CVE-2018-20052,S
CVE-2018-20053,S
CVE-2018-20056,H
CVE-2018-20057,H
CVE-2018-20114,H
CVE-2018-20122,H
CVE-2018-20162,E
CVE-2018-20218,E
CVE-2018-20219,E
CVE-2018-20220,E
CVE-2018-20299,S
CVE-2018-20305,H
CVE-2018-20326,H
CVE-2018-20342,H
CVE-2018-20372,H
CVE-2018-20373,H
CVE-2018-20377,H
CVE-2018-20379,H
CVE-2018-20380,H
CVE-2018-20381,H
CVE-2018-20382,M
CVE-2018-20384,H
CVE-2018-20385,H
CVE-2018-20386,H
CVE-2018-20387,H
CVE-2018-20388,H
CVE-2018-20389,H
CVE-2018-20390,H
CVE-2018-20391,H
CVE-2018-20392,E
CVE-2018-20393,H
CVE-2018-20394,H
CVE-2018-20395,H
CVE-2018-20396,H
CVE-2018-20397,H
CVE-2018-20398,H
CVE-2018-20399,H
CVE-2018-20400,H
CVE-2018-20401,H
CVE-2018-20404,C
CVE-2018-20438,H
CVE-2018-20439,H
CVE-2018-20440,H
CVE-2018-20441,H
CVE-2018-20442,H
CVE-2018-20443,H
CVE-2018-20444,H
CVE-2018-20445,H
CVE-2018-20503,E
CVE-2018-20512,E
CVE-2018-20575,H
CVE-2018-20576,H
CVE-2018-20577,H
CVE-2018-20674,H
CVE-2018-20675,H
CVE-2018-20720,S
CVE-2018-20767,A
CVE-2018-20768,A
CVE-2018-20769,A
CVE-2018-20770,A
CVE-2018-20771,A
CVE-2018-20785,H
CVE-2018-20818,S
CVE-2018-20823,M
CVE-2018-3588,C
CVE-2018-3589,C
CVE-2018-3590,C
CVE-2018-3591,C
CVE-2018-3592,C
CVE-2018-3593,C
CVE-2018-3594,C
CVE-2018-3595,C
CVE-2018-3615,C
CVE-2018-3619,C
CVE-2018-3620,C
CVE-2018-3624,C
CVE-2018-3627,C
CVE-2018-3628,C
CVE-2018-3629,C
CVE-2018-3632,C
CVE-2018-3638,C
CVE-2018-3639,C
CVE-2018-3640,C
CVE-2018-3641,C
CVE-2018-3645,C
CVE-2018-3646,C
CVE-2018-3649,C
CVE-2018-3652,C
CVE-2018-3665,C
CVE-2018-3669,C
CVE-2018-3682,C
CVE-2018-3693,C
CVE-2018-3813,S
CVE-2018-3832,H
CVE-2018-3833,H
CVE-2018-3834,H
CVE-2018-3856,H
CVE-2018-3863,H
CVE-2018-3864,H
CVE-2018-3865,H
CVE-2018-3866,H
CVE-2018-3867,H
CVE-2018-3872,H
CVE-2018-3873,H
CVE-2018-3874,H
CVE-2018-3875,H
CVE-2018-3876,H
CVE-2018-3877,H
CVE-2018-3878,H
CVE-2018-3879,H
CVE-2018-3880,H
CVE-2018-3890,H
CVE-2018-3891,H
CVE-2018-3892,H
CVE-2018-3893,H
CVE-2018-3894,H
CVE-2018-3895,H
CVE-2018-3896,H
CVE-2018-3897,H
CVE-2018-3898,H
CVE-2018-3899,H
CVE-2018-3900,H
CVE-2018-3902,H
CVE-2018-3903,H
CVE-2018-3904,H
CVE-2018-3905,H
CVE-2018-3906,H
CVE-2018-3907,H
CVE-2018-3908,H
CVE-2018-3909,H
CVE-2018-3910,H
CVE-2018-3911,H
CVE-2018-3912,H
CVE-2018-3913,H
CVE-2018-3914,H
CVE-2018-3915,H
CVE-2018-3916,H
CVE-2018-3917,H
CVE-2018-3918,H
CVE-2018-3919,H
CVE-2018-3920,H
CVE-2018-3925,H
CVE-2018-3926,H
CVE-2018-3927,H
CVE-2018-3928,H
CVE-2018-3934,H
CVE-2018-3935,H
CVE-2018-3937,S
CVE-2018-3938,S
CVE-2018-3947,H
CVE-2018-3948,H
CVE-2018-3949,H
CVE-2018-3950,H
CVE-2018-3951,H
CVE-2018-3953,H
CVE-2018-3954,H
CVE-2018-3955,H
CVE-2018-4014,H
CVE-2018-4016,H
CVE-2018-4017,H
CVE-2018-4018,H
CVE-2018-4023,H
CVE-2018-4024,H
CVE-2018-4025,H
CVE-2018-4026,H
CVE-2018-4027,H
CVE-2018-4028,H
CVE-2018-4029,H
CVE-2018-4061,S
CVE-2018-4062,S
CVE-2018-4063,S
CVE-2018-4065,S
CVE-2018-4066,S
CVE-2018-4067,S
CVE-2018-4068,S
CVE-2018-4069,S
CVE-2018-4070,S
CVE-2018-4071,S
CVE-2018-4072,S
CVE-2018-4073,S
CVE-2018-4833,S
CVE-2018-4834,S
CVE-2018-4838,S
CVE-2018-4839,S
CVE-2018-4840,S
CVE-2018-4841,S
CVE-2018-4842,S
CVE-2018-4843,S
CVE-2018-4845,S
CVE-2018-4846,S
CVE-2018-4848,S
CVE-2018-4850,S
CVE-2018-4851,S
CVE-2018-4852,S
CVE-2018-4853,S
CVE-2018-4854,S
CVE-2018-4855,S
CVE-2018-4856,S
CVE-2018-4858,S
CVE-2018-4859,S
CVE-2018-4860,S
CVE-2018-4861,S
CVE-2018-5071,S
CVE-2018-5234,E
CVE-2018-5266,S
CVE-2018-5267,S
CVE-2018-5280,E
CVE-2018-5281,E
CVE-2018-5303,S
CVE-2018-5304,S
CVE-2018-5330,H
CVE-2018-5347,H
CVE-2018-5371,H
CVE-2018-5399,S
CVE-2018-5400,S
CVE-2018-5401,S
CVE-2018-5402,S
CVE-2018-5439,S
CVE-2018-5441,S
CVE-2018-5442,S
CVE-2018-5446,S
CVE-2018-5447,S
CVE-2018-5448,S
CVE-2018-5449,S
CVE-2018-5451,S
CVE-2018-5452,S
CVE-2018-5453,S
CVE-2018-5455,S
CVE-2018-5459,S
CVE-2018-5461,S
CVE-2018-5465,S
CVE-2018-5467,S
CVE-2018-5469,S
CVE-2018-5471,S
CVE-2018-5473,S
CVE-2018-5475,S
CVE-2018-5499,E
CVE-2018-5507,E
CVE-2018-5553,S
CVE-2018-5560,H
CVE-2018-5708,H
CVE-2018-5717,S
CVE-2018-5720,H
CVE-2018-5723,H
CVE-2018-5724,H
CVE-2018-5725,H
CVE-2018-5726,H
CVE-2018-5728,S
CVE-2018-5757,E
CVE-2018-5767,H
CVE-2018-5768,H
CVE-2018-5770,H
CVE-2018-5837,C
CVE-2018-5838,C
CVE-2018-5839,C
CVE-2018-5866,C
CVE-2018-5867,C
CVE-2018-5868,C
CVE-2018-5869,C
CVE-2018-5870,C
CVE-2018-5871,C
CVE-2018-5874,C
CVE-2018-5875,C
CVE-2018-5876,C
CVE-2018-5877,C
CVE-2018-5878,C
CVE-2018-5879,C
CVE-2018-5880,C
CVE-2018-5881,C
CVE-2018-5882,C
CVE-2018-5884,C
CVE-2018-5885,C
CVE-2018-5891,C
CVE-2018-5892,C
CVE-2018-5894,C
CVE-2018-5912,C
CVE-2018-5914,C
CVE-2018-5915,C
CVE-2018-5916,C
CVE-2018-5917,C
CVE-2018-5918,C
CVE-2018-5921,A
CVE-2018-5923,A
CVE-2018-5924,H
CVE-2018-5925,H
CVE-2018-5967,H
CVE-2018-6011,H
CVE-2018-6012,H
CVE-2018-6020,H
CVE-2018-6021,H
CVE-2018-6023,H
CVE-2018-6190,H
CVE-2018-6210,H
CVE-2018-6211,H
CVE-2018-6212,H
CVE-2018-6213,H
CVE-2018-6242,C
CVE-2018-6294,H
CVE-2018-6295,H
CVE-2018-6296,H
CVE-2018-6297,H
CVE-2018-6298,H
CVE-2018-6299,H
CVE-2018-6300,H
CVE-2018-6301,H
CVE-2018-6302,H
CVE-2018-6303,H
CVE-2018-6311,H
CVE-2018-6312,H
CVE-2018-6355,H
CVE-2018-6387,H
CVE-2018-6388,H
CVE-2018-6391,H
CVE-2018-6401,H
CVE-2018-6407,H
CVE-2018-6408,H
CVE-2018-6413,S
CVE-2018-6414,S
CVE-2018-6479,H
CVE-2018-6527,H
CVE-2018-6528,H
CVE-2018-6529,H
CVE-2018-6530,H
CVE-2018-6597,M
CVE-2018-6598,M
CVE-2018-6599,M
CVE-2018-6624,S
CVE-2018-6653,P
CVE-2018-6692,H
CVE-2018-6808,E
CVE-2018-6809,E
CVE-2018-6810,E
CVE-2018-6825,H
CVE-2018-6826,H
CVE-2018-6827,H
CVE-2018-6830,H
CVE-2018-6831,H
CVE-2018-6832,H
CVE-2018-6875,H
CVE-2018-6908,H
CVE-2018-6936,H
CVE-2018-7034,H
CVE-2018-7055,H
CVE-2018-7056,H
CVE-2018-7057,H
CVE-2018-7078,P
CVE-2018-7093,P
CVE-2018-7100,E
CVE-2018-7101,P
CVE-2018-7105,P
CVE-2018-7112,P
CVE-2018-7113,P
CVE-2018-7117,P
CVE-2018-7120,E
CVE-2018-7227,S
CVE-2018-7228,S
CVE-2018-7229,S
CVE-2018-7230,S
CVE-2018-7231,S
CVE-2018-7232,S
CVE-2018-7233,S
CVE-2018-7234,S
CVE-2018-7235,S
CVE-2018-7236,S
CVE-2018-7237,S
CVE-2018-7238,S
CVE-2018-7240,S
CVE-2018-7241,S
CVE-2018-7242,S
CVE-2018-7243,S
CVE-2018-7244,S
CVE-2018-7245,S
CVE-2018-7246,S
CVE-2018-7276,S
CVE-2018-7277,S
CVE-2018-7278,S
CVE-2018-7296,H
CVE-2018-7297,H
CVE-2018-7298,H
CVE-2018-7299,H
CVE-2018-7300,H
CVE-2018-7301,H
CVE-2018-7355,M
CVE-2018-7356,M
CVE-2018-7357,H
CVE-2018-7358,H
CVE-2018-7359,H
CVE-2018-7360,H
CVE-2018-7361,H
CVE-2018-7362,H
CVE-2018-7363,H
CVE-2018-7366,H
CVE-2018-7473,M
CVE-2018-7498,S
CVE-2018-7510,S
CVE-2018-7512,S
CVE-2018-7516,S
CVE-2018-7518,S
CVE-2018-7520,S
CVE-2018-7522,S
CVE-2018-7524,S
CVE-2018-7526,S
CVE-2018-7528,S
CVE-2018-7532,S
CVE-2018-7539,S
CVE-2018-7561,H
CVE-2018-7564,E
CVE-2018-7565,E
CVE-2018-7758,S
CVE-2018-7759,S
CVE-2018-7760,S
CVE-2018-7761,S
CVE-2018-7762,S
CVE-2018-7778,S
CVE-2018-7779,S
CVE-2018-7780,S
CVE-2018-7781,S
CVE-2018-7782,S
CVE-2018-7788,S
CVE-2018-7789,S
CVE-2018-7790,S
CVE-2018-7791,S
CVE-2018-7792,S
CVE-2018-7795,S
CVE-2018-7798,S
CVE-2018-7800,S
CVE-2018-7801,S
CVE-2018-7802,S
CVE-2018-7804,S
CVE-2018-7809,S
CVE-2018-7810,S
CVE-2018-7811,S
CVE-2018-7812,S
CVE-2018-7816,S
CVE-2018-7825,S
CVE-2018-7826,S
CVE-2018-7827,S
CVE-2018-7828,S
CVE-2018-7829,S
CVE-2018-7830,S
CVE-2018-7831,S
CVE-2018-7833,S
CVE-2018-7834,S
CVE-2018-7842,S
CVE-2018-7843,S
CVE-2018-7844,S
CVE-2018-7845,S
CVE-2018-7846,S
CVE-2018-7847,S
CVE-2018-7848,S
CVE-2018-7849,S
CVE-2018-7850,S
CVE-2018-7851,CVE-2018-7851 CWE-119 schneider-electric bmeh582040 bmeh582040c bmeh584040 bmeh584040c bmeh586040 bmeh586040c bmep581020 bmep581020h bmep582020 bmep582020h bmep582040 bmep582040h bmep582040s bmep583020 bmep583040 bmep584020 bmep584040 bmep584040s bmep585040 bmep585040c bmep586040 bmep586040c
CVE-2018-7852,S
CVE-2018-7853,S
CVE-2018-7854,S
CVE-2018-7855,S
CVE-2018-7856,S
CVE-2018-7857,S
CVE-2018-7899,M
CVE-2018-7900,H
CVE-2018-7901,M
CVE-2018-7902,M
CVE-2018-7903,M
CVE-2018-7904,M
CVE-2018-7906,M
CVE-2018-7907,M
CVE-2018-7910,M
CVE-2018-7911,M
CVE-2018-7920,E
CVE-2018-7921,H
CVE-2018-7922,M
CVE-2018-7923,M
CVE-2018-7924,M
CVE-2018-7925,M
CVE-2018-7926,M
CVE-2018-7929,M
CVE-2018-7930,M
CVE-2018-7933,H
CVE-2018-7934,M
CVE-2018-7936,M
CVE-2018-7937,CVE-2018-7937 CWE-264 huawei hirouter-cd20
CVE-2018-7938,M
CVE-2018-7939,M
CVE-2018-7940,M
CVE-2018-7941,E
CVE-2018-7942,E
CVE-2018-7943,E
CVE-2018-7944,M
CVE-2018-7946,M
CVE-2018-7947,M
CVE-2018-7949,M
CVE-2018-7950,M
CVE-2018-7951,M
CVE-2018-7957,M
CVE-2018-7958,E
CVE-2018-7959,E
CVE-2018-7960,E
CVE-2018-7961,M
CVE-2018-7987,M
CVE-2018-7988,M
CVE-2018-7989,M
CVE-2018-7990,M
CVE-2018-7991,CVE-2018-7991 CWE-254 huawei mate10
CVE-2018-7992,M
CVE-2018-7993,M
CVE-2018-7994,E
CVE-2018-8072,E
CVE-2018-8117,H
CVE-2018-8306,H
CVE-2018-8738,H
CVE-2018-8755,H
CVE-2018-8772,H
CVE-2018-8826,H
CVE-2018-8827,H
CVE-2018-8836,S
CVE-2018-8847,E
CVE-2018-8849,S
CVE-2018-8851,S
CVE-2018-8853,H
CVE-2018-8855,S
CVE-2018-8857,H
CVE-2018-8858,S
CVE-2018-8859,S
CVE-2018-8860,S
CVE-2018-8861,H
CVE-2018-8862,S
CVE-2018-8864,S
CVE-2018-8865,E
CVE-2018-8866,S
CVE-2018-8867,S
CVE-2018-8868,S
CVE-2018-8869,S
CVE-2018-8870,S
CVE-2018-8872,S
CVE-2018-8880,S
CVE-2018-8898,H
CVE-2018-8930,C
CVE-2018-8931,C
CVE-2018-8932,C
CVE-2018-8933,C
CVE-2018-8934,C
CVE-2018-8935,C
CVE-2018-8936,C
CVE-2018-8941,H
CVE-2018-9010,H
CVE-2018-9032,H
CVE-2018-9056,C
CVE-2018-9068,E
CVE-2018-9069,P
CVE-2018-9071,P
CVE-2018-9073,P
CVE-2018-9074,H
CVE-2018-9075,H
CVE-2018-9076,H
CVE-2018-9077,H
CVE-2018-9078,E
CVE-2018-9079,E
CVE-2018-9080,E
CVE-2018-9081,E
CVE-2018-9082,E
CVE-2018-9083,P
CVE-2018-9084,P
CVE-2018-9085,E
CVE-2018-9086,E
CVE-2018-9111,H
CVE-2018-9112,H
CVE-2018-9119,C
CVE-2018-9129,E
CVE-2018-9148,H
CVE-2018-9149,H
CVE-2018-9156,S
CVE-2018-9157,S
CVE-2018-9158,S
CVE-2018-9162,H
CVE-2018-9232,H
CVE-2018-9248,H
CVE-2018-9249,H
CVE-2018-9279,E
CVE-2018-9280,E
CVE-2018-9281,E
CVE-2018-9284,H
CVE-2018-9285,H
CVE-2018-9311,S
CVE-2018-9312,S
CVE-2018-9313,S
CVE-2018-9314,S
CVE-2018-9318,S
CVE-2018-9320,S
CVE-2018-9322,S
CVE-2018-9995,S
CVE-2019-0003,E
CVE-2019-0004,E
CVE-2019-0005,E
CVE-2019-0006,E
CVE-2019-0007,E
CVE-2019-0008,E
CVE-2019-0009,E
CVE-2019-0010,E
CVE-2019-0014,E
CVE-2019-0015,E
CVE-2019-0018,E
CVE-2019-0020,E
CVE-2019-0021,E
CVE-2019-0022,E
CVE-2019-0023,E
CVE-2019-0024,E
CVE-2019-0025,E
CVE-2019-0026,E
CVE-2019-0027,E
CVE-2019-0029,E
CVE-2019-0030,E
CVE-2019-0033,E
CVE-2019-0038,E
CVE-2019-0041,E
CVE-2019-0043,E
CVE-2019-0044,E
CVE-2019-0119,C
CVE-2019-0120,CVE-2019-0120 CWE-284 intel j5005_firmware
CVE-2019-0126,C
CVE-2019-0162,CVE-2019-0162 CWE-200 intel -
CVE-2019-0163,C
CVE-2019-10039,H
CVE-2019-10040,H
CVE-2019-10041,H
CVE-2019-10042,H
CVE-2019-10478,CVE-2019-10478 CWE-434 glory-global rbw-100_firmware
CVE-2019-10479,CVE-2019-10479 CWE-798 glory-global rbw-100_firmware
CVE-2019-10630,E
CVE-2019-10631,E
CVE-2019-10632,E
CVE-2019-10633,E
CVE-2019-10634,E
CVE-2019-10655,E
CVE-2019-10656,E
CVE-2019-10657,E
CVE-2019-10658,E
CVE-2019-10659,E
CVE-2019-10660,E
CVE-2019-10661,E
CVE-2019-10662,E
CVE-2019-10663,E
CVE-2019-10710,H
CVE-2019-10711,H
CVE-2019-10712,CVE-2019-10712 CWE-798 wago 750-830
CVE-2019-10880,E
CVE-2019-10886,H
CVE-2019-10887,CVE-2019-10887 CWE-74 salicru slc-20-cube3%285%29
CVE-2019-10919,S
CVE-2019-10920,S
CVE-2019-10921,S
CVE-2019-10948,S
CVE-2019-10950,S
CVE-2019-10952,S
CVE-2019-10953,S
CVE-2019-10954,S
CVE-2019-10955,S
CVE-2019-10965,S
CVE-2019-10967,S
CVE-2019-10977,S
CVE-2019-10999,H
CVE-2019-11001,CVE-2019-11001 CWE-78 reolink rlc-410w_firmware
CVE-2019-11017,CVE-2019-11017 CWE-79 dlink di-524_firmware
CVE-2019-11085,C
CVE-2019-11091,C
CVE-2019-11094,C
CVE-2019-11224,CVE-2019-11224 CWE-78 harman amx_mvp5150_firmware
CVE-2019-11319,S
CVE-2019-11320,S
CVE-2019-11321,S
CVE-2019-11322,S
CVE-2019-11336,CVE-2019-11336 CWE-532 sony kdl-50w800c kdl-50w805c kdl-50w807c kdl-50w809c kdl-50w820c kdl-55w800c kdl-55w805c kdl-65w850c kdl-65w855c kdl-65w857c kdl-75w850c kdl-75w855c x7500d xbr-100z9d xbr-43x800d xbr-43x800e xbr-43x830c xbr-49x700d xbr-49x800c xbr-49x800d xbr-49x800e xbr-49x830c xbr-49x835c xbr-49x835d xbr-49x837c xbr-49x839c xbr-49x900e xbr-55a1e xbr-55x700d xbr-55x800e xbr-55x805c xbr-55x806e xbr-55x807c xbr-55x809c xbr-55x810c xbr-55x850c xbr-55x850d xbr-55x855c xbr-55x855d xbr-55x857c xbr-55x857d xbr-55x900c xbr-55x900e xbr-55x905c xbr-55x907c xbr-55x930d xbr-55x930e xbr-65a1e xbr-65x750d xbr-65x800c xbr-65x805c xbr-65x807c xbr-65x809c xbr-65x810c xbr-65x850c xbr-65x850d xbr-65x850e xbr-65x855c xbr-65x855d xbr-65x857c xbr-65x857d xbr-65x900c xbr-65x900e xbr-65x905c xbr-65x907c xbr-65x930c xbr-65x930d xbr-65x930e xbr-65x935d xbr-65x937d xbr-65z9d xbr-75x850c xbr-75x850d xbr-75x850e xbr-75x855c xbr-75x855d xbr-75x857d xbr-75x900e xbr-75x910c xbr-75x940c xbr-75x940d xbr-75x940e xbr-75x945c xbr-75z9d xbr-77a1e xbr-85x850d xbr-85x855d xbr-85x857d
CVE-2019-11353,E
CVE-2019-11414,H
CVE-2019-11415,H
CVE-2019-11416,H
CVE-2019-11417,H
CVE-2019-11418,H
CVE-2019-11536,CVE-2019-11536 CWE-264 kalkitech sync3000_firmware
CVE-2019-11560,CVE-2019-11560 CWE-119 hisilicon hi3516_firmware
CVE-2019-11561,CVE-2019-11561 CWE-284 chuango h4_plus_firmware
CVE-2019-11844,E
CVE-2019-11845,E
CVE-2019-11878,CVE-2019-11878 CWE-190 xiongmaitech besder_ip20h1_firmware
CVE-2019-11885,CVE-2019-11885 CWE-255 eye-disk eyedisk
CVE-2019-11891,H
CVE-2019-11892,H
CVE-2019-11893,H
CVE-2019-11894,H
CVE-2019-11895,H
CVE-2019-11896,H
CVE-2019-12044,E
CVE-2019-12087,CVE-2019-12087 CWE-399 samsung s9%2b_firmware
CVE-2019-12167,S
CVE-2019-12168,S
CVE-2019-12195,H
CVE-2019-12288,H
CVE-2019-12289,H
CVE-2019-12297,S
CVE-2019-12315,CVE-2019-12315 CWE-79 samsung scx-824_firmware
CVE-2019-12500,S
CVE-2019-12502,E
CVE-2019-1585,E
CVE-2019-1587,E
CVE-2019-1588,E
CVE-2019-1589,E
CVE-2019-1590,E
CVE-2019-1591,E
CVE-2019-1592,E
CVE-2019-1593,E
CVE-2019-1594,E
CVE-2019-1595,E
CVE-2019-1596,E
CVE-2019-1597,E
CVE-2019-1598,E
CVE-2019-1599,E
CVE-2019-1600,E
CVE-2019-1601,E
CVE-2019-1602,E
CVE-2019-1603,E
CVE-2019-1604,CVE-2019-1604 CWE-285 cisco nx-os nexus_3000 nexus_3500 nexus_9000
CVE-2019-1605,E
CVE-2019-1606,E
CVE-2019-1607,E
CVE-2019-1608,E
CVE-2019-1609,E
CVE-2019-1610,E
CVE-2019-1611,E
CVE-2019-1612,E
CVE-2019-1613,E
CVE-2019-1614,E
CVE-2019-1615,E
CVE-2019-1616,E
CVE-2019-1617,E
CVE-2019-1618,E
CVE-2019-1635,E
CVE-2019-1646,E
CVE-2019-1648,E
CVE-2019-1649,E
CVE-2019-1650,E
CVE-2019-1652,E
CVE-2019-1653,E
CVE-2019-1654,E
CVE-2019-1663,E
CVE-2019-1675,E
CVE-2019-1683,E
CVE-2019-1684,E
CVE-2019-1686,E
CVE-2019-1687,E
CVE-2019-1693,E
CVE-2019-1694,E
CVE-2019-1695,E
CVE-2019-1697,E
CVE-2019-1700,E
CVE-2019-1701,E
CVE-2019-1705,E
CVE-2019-1706,E
CVE-2019-1708,E
CVE-2019-1710,E
CVE-2019-1713,E
CVE-2019-1714,E
CVE-2019-1715,E
CVE-2019-1716,E
CVE-2019-1724,E
CVE-2019-1726,E
CVE-2019-1727,E
CVE-2019-1728,E
CVE-2019-1729,E
CVE-2019-1730,E
CVE-2019-1731,E
CVE-2019-1732,E
CVE-2019-1733,E
CVE-2019-1735,E
CVE-2019-1763,E
CVE-2019-1764,E
CVE-2019-1765,E
CVE-2019-1766,E
CVE-2019-1767,E
CVE-2019-1768,E
CVE-2019-1769,E
CVE-2019-1770,E
CVE-2019-1774,E
CVE-2019-1775,E
CVE-2019-1776,E
CVE-2019-1778,E
CVE-2019-1779,E
CVE-2019-1780,E
CVE-2019-1781,E
CVE-2019-1782,E
CVE-2019-1783,E
CVE-2019-1784,E
CVE-2019-1790,E
CVE-2019-1791,E
CVE-2019-1795,E
CVE-2019-1803,E
CVE-2019-1804,E
CVE-2019-1806,E
CVE-2019-1808,E
CVE-2019-1809,E
CVE-2019-1810,E
CVE-2019-1811,E
CVE-2019-1812,E
CVE-2019-1813,E
CVE-2019-1814,E
CVE-2019-1826,E
CVE-2019-1827,E
CVE-2019-1828,E
CVE-2019-1829,E
CVE-2019-1834,E
CVE-2019-1835,E
CVE-2019-1836,E
CVE-2019-1846,E
CVE-2019-1857,E
CVE-2019-1858,E
CVE-2019-1859,E
CVE-2019-2244,C
CVE-2019-2245,C
CVE-2019-2247,C
CVE-2019-2248,C
CVE-2019-2250,C
CVE-2019-3495,CVE-2019-3495 CWE-434 wifi-soft unibox_firmware
CVE-2019-3496,CVE-2019-3496 CWE-77 wifi-soft unibox_firmware
CVE-2019-3497,CVE-2019-3497 CWE-77 wifi-soft unibox_firmware
CVE-2019-3702,CVE-2019-3702 CWE-20 lifesize icon_300_firmware
CVE-2019-3704,CVE-2019-3704 CWE-78 dell emc_vnx2
CVE-2019-3910,CVE-2019-3910 CWE-287 crestron airmedia_am-100
CVE-2019-3914,CVE-2019-3914 CWE-77 verizon fios_quantum_gateway_g1100_firmware
CVE-2019-3915,CVE-2019-3915 CWE-287 verizon fios_quantum_gateway_g1100_firmware
CVE-2019-3916,CVE-2019-3916 CWE-200 verizon fios_quantum_gateway_g1100_firmware
CVE-2019-3917,M
CVE-2019-3918,M
CVE-2019-3919,M
CVE-2019-3920,M
CVE-2019-3921,M
CVE-2019-3922,M
CVE-2019-3925,E
CVE-2019-3926,E
CVE-2019-3927,E
CVE-2019-3928,E
CVE-2019-3929,E
CVE-2019-3930,E
CVE-2019-3931,E
CVE-2019-3932,E
CVE-2019-3933,E
CVE-2019-3934,E
CVE-2019-3935,E
CVE-2019-3936,E
CVE-2019-3937,E
CVE-2019-3938,E
CVE-2019-3939,E
CVE-2019-5014,H
CVE-2019-5024,E
CVE-2019-5616,H
CVE-2019-5914,M
CVE-2019-6149,P
CVE-2019-6154,P
CVE-2019-6155,P
CVE-2019-6156,P
CVE-2019-6157,P
CVE-2019-6260,C
CVE-2019-6272,CVE-2019-6272 CWE-77 gl-inet gl-ar300m-lite_firmware
CVE-2019-6273,CVE-2019-6273 CWE-284 gl-inet gl-ar300m-lite_firmware
CVE-2019-6274,CVE-2019-6274 CWE-22 gl-inet gl-ar300m-lite_firmware
CVE-2019-6275,CVE-2019-6275 CWE-77 gl-inet gl-ar300m-lite_firmware
CVE-2019-6279,CVE-2019-6279 CWE-284 chinamobileltd gpn2.4p21-c-cn_firmware
CVE-2019-6282,CVE-2019-6282 CWE-352 chinamobileltd gpn2.4p21-c-cn_firmware
CVE-2019-6318,E
CVE-2019-6321,P
CVE-2019-6322,P
CVE-2019-6441,H
CVE-2019-6485,E
CVE-2019-6487,H
CVE-2019-6489,E
CVE-2019-6496,CVE-2019-6496 CWE-20 marvell 88w8787_firmware
CVE-2019-6518,S
CVE-2019-6520,S
CVE-2019-6522,S
CVE-2019-6524,S
CVE-2019-6526,S
CVE-2019-6527,S
CVE-2019-6528,S
CVE-2019-6531,S
CVE-2019-6533,S
CVE-2019-6535,S
CVE-2019-6538,S
CVE-2019-6540,S
CVE-2019-6542,S
CVE-2019-6549,S
CVE-2019-6557,S
CVE-2019-6559,S
CVE-2019-6561,S
CVE-2019-6563,S
CVE-2019-6565,S
CVE-2019-6568,S
CVE-2019-6569,S
CVE-2019-6572,S
CVE-2019-6574,S
CVE-2019-6575,S
CVE-2019-6576,S
CVE-2019-6577,S
CVE-2019-6578,S
CVE-2019-6609,E
CVE-2019-6710,E
CVE-2019-6806,S
CVE-2019-6807,S
CVE-2019-6808,S
CVE-2019-6812,S
CVE-2019-6814,CVE-2019-6814 CWE-284 schneider-electric net5501
CVE-2019-6815,CVE-2019-6815 CWE-264 schneider-electric modicon_quantum_firmware
CVE-2019-6816,CVE-2019-6816 CWE-94 schneider-electric modicon_quantum_firmware
CVE-2019-6819,CVE-2019-6819 CWE-754 schneider-electric bmxp341000 bmxp341000h bmxp342000 bmxp3420102 bmxp3420102cl bmxp342020 bmxp342020h bmxp3420302 bmxp3420302cl bmxp3420302h
CVE-2019-6820,S
CVE-2019-6821,S
CVE-2019-6967,H
CVE-2019-6973,CVE-2019-6973 CWE-119 genivia sricam gsoap nvs001 sh016 sh024 sh026 sh027 sp007 sp008 sp009 sp012 sp015 sp017 sp018 sp019 sp020 sp023
CVE-2019-7297,H
CVE-2019-7298,H
CVE-2019-7383,H
CVE-2019-7384,S
CVE-2019-7385,S
CVE-2019-7386,M
CVE-2019-7387,CVE-2019-7387 CWE-22 systrome isg-600c_firmware
CVE-2019-7388,H
CVE-2019-7389,H
CVE-2019-7390,H
CVE-2019-7391,E
CVE-2019-7404,M
CVE-2019-7438,H
CVE-2019-7439,H
CVE-2019-7440,H
CVE-2019-7564,CVE-2019-7564 CWE-255 coship rt3052_firmware
CVE-2019-7632,E
CVE-2019-7642,H
CVE-2019-7673,S
CVE-2019-7674,S
CVE-2019-7675,S
CVE-2019-7687,CVE-2019-7687 CWE-79 jio jmr1140_firmware
CVE-2019-7736,CVE-2019-7736 CWE-287 dlink dir-600m_firmware
CVE-2019-7745,CVE-2019-7745 CWE-255 jio jmr1140_firmware
CVE-2019-7746,CVE-2019-7746 CWE-352 jio jmr1140_firmware
CVE-2019-8312,H
CVE-2019-8313,H
CVE-2019-8314,H
CVE-2019-8315,H
CVE-2019-8316,H
CVE-2019-8317,H
CVE-2019-8318,H
CVE-2019-8319,H
CVE-2019-8387,CVE-2019-8387 CWE-77 barni master_ip_camera01_firmware
CVE-2019-8392,H
CVE-2019-8413,M
CVE-2019-8950,CVE-2019-8950 CWE-255 dasannetworks h665_firmware
CVE-2019-8951,S
CVE-2019-8952,S
CVE-2019-8985,CVE-2019-8985 CWE-119 netis-systems wf2411_firmware
CVE-2019-9117,M
CVE-2019-9118,M
CVE-2019-9119,M
CVE-2019-9120,M
CVE-2019-9121,M
CVE-2019-9122,H
CVE-2019-9123,H
CVE-2019-9124,H
CVE-2019-9125,H
CVE-2019-9126,H
CVE-2019-9160,E
CVE-2019-9161,E
CVE-2019-9201,S
CVE-2019-9483,H
CVE-2019-9484,S
CVE-2019-9555,H
CVE-2019-9590,S
CVE-2019-9659,H
CVE-2019-9695,E
CVE-2019-9726,H
CVE-2019-9727,H
CVE-2019-9743,CVE-2019-9743 CWE-77 phoenixcontact rad-80211-xd%2fhp-bus_firmware
CVE-2019-9744,CVE-2019-9744 CWE-384 phoenixcontact fl_nat_smn_8tx-m-dmg_firmware
CVE-2019-9835,CVE-2019-9835 CWE-284 fujitsu lx901_firmware
CVE-2019-9860,H
CVE-2019-9861,H
CVE-2019-9862,H
CVE-2019-9863,H
CVE-2019-9949,H
CVE-2019-9950,H
CVE-2019-9951,CVE-2019-9951 CWE-434 western_digital my_cloud_mirror_gen_2
CVE-2019-9955,E
CVE-2019-9974,H
CVE-2019-9975,H
CVE-2019-9976,H
CVE-2019-9977,S